"ID","Description","setSize","enrichmentScore","NES","pvalue","p.adjust","qvalue","rank","leading_edge","core_enrichment"
"hsa05322","Systemic lupus erythematosus",101,0.739803091879631,1.84797710560579,1e-10,3.26e-08,2.53684210526316e-08,3521,"tags=75%, list=20%, signal=60%","HLA-DQA1/HLA-DQA2/C4B/HLA-DQB2/C1QB/H3C8/H3C7/FCGR2A/C1QA/HLA-DRB5/C6/H4C13/C4A/CD86/HLA-DQB1/HLA-DRB1/H4C9/HLA-DRA/H4C2/H2BC3/H4C1/TNF/H3-4/H2BC17/H3C15/H4C12/H2AC21/H2AC4/H2AC16/CD28/H2BC14/H4C11/H3C13/H2AC13/H2BC18/H4C5/H2BC15/H2AC19/H2AC18/HLA-DMB/H2AC15/H2BC4/H2BC7/H3C1/HLA-DMA/H2AC17/HLA-DPA1/H2BC13/H2AC25/H2AC8/H3C11/H2AC7/H4C8/H3C14/H2BC6/H2AC12/H2BC21/C3/H3-5/H3C2/H2AC6/H3C12/H4C16/CD40/H2BC11/H4C14/H4C15/H3C3/H4C4/H2AC11/ELANE/H3C10/C1R/H2BC5/H2AC14/H3C6"
"hsa04612","Antigen processing and presentation",54,0.759913808537641,1.8401199836087,5.26058000792753e-08,8.57474541292188e-06,6.67263043110808e-06,2278,"tags=48%, list=13%, signal=42%","HLA-DQA1/HLA-DQA2/HLA-DQB2/CTSS/HSPA6/HSPA1L/HLA-DRB5/HLA-DQB1/CD74/HSPA1A/HSPA2/HLA-G/HLA-F/HLA-DRB1/HLA-DRA/TNF/HSPA1B/CD8B2/HLA-C/HLA-B/HLA-DMB/B2M/HLA-DMA/HLA-A/HLA-DPA1/IFI30"
"hsa04940","Type I diabetes mellitus",29,0.831804781249707,1.9023214476285,1.38101791612315e-07,1.50070613552049e-05,1.16780813258133e-05,2323,"tags=79%, list=13%, signal=69%","IL1B/HLA-DQA1/HLA-DQA2/HLA-DQB2/HLA-DRB5/ICA1/CD86/HLA-DQB1/HLA-G/HLA-F/HLA-DRB1/HLA-DRA/TNF/CD28/HLA-C/GAD1/HLA-B/HLA-DMB/CPE/HLA-DMA/HLA-A/HLA-DPA1/IL1A"
"hsa05332","Graft-versus-host disease",22,0.858995869973411,1.89498037844595,3.72013317108298e-07,2.4255268275461e-05,1.88747809311789e-05,2323,"tags=91%, list=13%, signal=79%","IL1B/HLA-DQA1/HLA-DQA2/HLA-DQB2/HLA-DRB5/CD86/HLA-DQB1/HLA-G/HLA-F/HLA-DRB1/HLA-DRA/TNF/CD28/HLA-C/HLA-B/HLA-DMB/HLA-DMA/HLA-A/HLA-DPA1/IL1A"
"hsa05140","Leishmaniasis",57,0.739166059409167,1.79479570580835,3.46828015811861e-07,2.4255268275461e-05,1.88747809311789e-05,2693,"tags=47%, list=15%, signal=40%","IL1B/HLA-DQA1/CYBB/PRKCB/HLA-DQA2/HLA-DQB2/NCF4/PTGS2/TLR2/FCGR2A/HLA-DRB5/HLA-DQB1/FOS/HLA-DRB1/PTPN6/HLA-DRA/TNF/NCF2/HLA-DMB/HLA-DMA/TGFB3/HLA-DPA1/IL1A/JUN/MYD88/C3/ITGB2"
"hsa05150","Staphylococcus aureus infection",41,0.761305145179859,1.81762221607741,3.13482528799455e-06,0.000165966852449906,0.000129150828028503,2261,"tags=59%, list=13%, signal=51%","HLA-DQA1/HLA-DQA2/C4B/HLA-DQB2/C1QB/KRT17/KRT16/KRT14/C3AR1/CFH/FCGR2A/C1QA/HLA-DRB5/C4A/HLA-DQB1/HLA-DRB1/KRT15/HLA-DRA/KRT13/ICAM1/ITGAL/HLA-DMB/HLA-DMA/HLA-DPA1"
"hsa04613","Neutrophil extracellular trap formation",146,0.614408630978452,1.54525146660233,3.5637054207035e-06,0.000165966852449906,0.000129150828028503,3807,"tags=52%, list=22%, signal=41%","CYBB/PRKCB/CASP1/NCF4/H3C8/TLR2/H3C7/PLCB2/FCGR2A/H4C13/SYK/H4C9/H4C2/H2BC3/H4C1/H3-4/H2BC17/H3C15/H4C12/H2AC21/H2AC4/ITGAL/H2AC16/H2BC14/H4C11/H3C13/RAC2/H2AC13/NCF2/H2BC18/H4C5/PIK3R1/TLR8/H2BC15/H2AC19/H2AC18/H2AC15/H2BC4/H2BC7/H3C1/H2AC17/H2BC13/H2AC25/H2AC8/H3C11/H2AC7/H4C8/H3C14/H2BC6/H2AC12/H2BC21/C3/H3-5/H3C2/H2AC6/ITGB2/PIK3R3/H3C12/H4C16/H2BC11/H4C14/H4C15/H3C3/H4C4/H2AC11/ELANE/H3C10/CASP4/H2BC5/H2AC14/H3C6/SELPLG/H4C3/H2BC12L/PIK3R2/H2AC20"
"hsa00970","Aminoacyl-tRNA biosynthesis",43,-0.614625067763498,-2.41034776090776,4.88954537403698e-06,0.000199248973992007,0.000155050057255646,4416,"tags=67%, list=25%, signal=51%","LARS1/FARSB/GATC/QARS1/NARS1/TARS3/TARS1/GATB/FARSA/NARS2/AARS2/MTFMT/EARS2/EPRS1/VARS1/YARS2/CARS2/GARS1/TARS2/IARS2/MARS1/MARS2/DARS2/CARS1/AARS1/IARS1/YARS1/PARS2/LARS2"
"hsa03008","Ribosome biogenesis in eukaryotes",72,-0.48068070159731,-2.08263294220185,8.68276147452882e-06,0.000314508915632933,0.00024474216553935,5501,"tags=51%, list=32%, signal=35%","XRN2/GNL3/NXT1/MDN1/GNL2/UTP18/NOB1/UTP6/LSG1/RRP7A/NVL/FCF1/UTP15/NOL6/WDR43/UTP4/UTP14A/RBM28/DKC1/CSNK2A3/GTPBP4/GNL3L/PWP2/WDR75/RPP25/CSNK2A1/DROSHA/BMS1/REXO1/XPO1/POP1/TBL3/WDR3/WDR36/NAT10/HEATR1/TCOF1"
"hsa05330","Allograft rejection",22,0.827322535712977,1.82510769448841,9.64941322725482e-06,0.000314570871208507,0.000244790377659833,2261,"tags=82%, list=13%, signal=71%","HLA-DQA1/HLA-DQA2/HLA-DQB2/HLA-DRB5/CD86/HLA-DQB1/HLA-G/HLA-F/HLA-DRB1/HLA-DRA/TNF/CD28/HLA-C/HLA-B/HLA-DMB/HLA-DMA/HLA-A/HLA-DPA1"
"hsa04640","Hematopoietic cell lineage",44,0.73313947262877,1.76101215639218,1.43297058316308e-05,0.000424680372828332,0.000330474555542874,2323,"tags=52%, list=13%, signal=45%","IL1B/HLA-DQA1/CSF1R/HLA-DQA2/HLA-DQB2/IL1R2/ANPEP/HLA-DRB5/CD36/HLA-DQB1/ITGA1/HLA-DRB1/HLA-DRA/TNF/ITGA2/CD24/CD8B2/ITGA6/HLA-DMB/HLA-DMA/HLA-DPA1/IL6R/IL1A"
"hsa05320","Autoimmune thyroid disease",21,0.824877569146089,1.80852863334184,3.79086028620182e-05,0.00102985037775149,0.000801401165767227,2261,"tags=81%, list=13%, signal=71%","HLA-DQA1/HLA-DQA2/HLA-DQB2/HLA-DRB5/CD86/HLA-DQB1/HLA-G/HLA-F/HLA-DRB1/HLA-DRA/CD28/HLA-C/HLA-B/HLA-DMB/HLA-DMA/HLA-A/HLA-DPA1"
"hsa04145","Phagosome",123,0.606175334168742,1.52082727708763,8.98606491398556e-05,0.00225342858612253,0.00175355598726358,2693,"tags=29%, list=15%, signal=25%","HLA-DQA1/CYBB/HLA-DQA2/MRC1/HLA-DQB2/NCF4/CTSS/CLEC4M/TLR2/TUBA4A/FCGR2A/HLA-DRB5/TUBA3C/CD36/ATP6V0A4/MSR1/HLA-DQB1/CD209/HLA-G/HLA-F/HLA-DRB1/HLA-DRA/ITGA2/NCF2/COLEC12/HLA-C/HLA-B/HLA-DMB/HLA-DMA/HLA-A/HLA-DPA1/SFTPD/SEC61G/C3/TUBB3/ITGB2"
"hsa03030","DNA replication",35,-0.572753133975475,-2.14377445845569,0.000105664110163753,0.00246046427952738,0.00191466545484694,3758,"tags=63%, list=22%, signal=49%","RFC2/PRIM1/RFC5/DNA2/RFC3/RFC4/POLD3/RNASEH1/POLE2/FEN1/RFC1/LIG1/RPA1/MCM5/MCM6/POLA1/MCM3/MCM7/MCM4/POLD1/MCM2/POLE"
"hsa00020","Citrate cycle (TCA cycle)",28,-0.62162609801812,-2.12776004691862,0.000136905114724809,0.00297540449335252,0.00231537772973186,6087,"tags=75%, list=35%, signal=49%","SDHD/MDH2/IDH2/SUCLG2/SUCLA2/PDHA1/DLD/IDH3B/FH/SDHA/DLST/ACO1/IDH3A/DLAT/OGDH/ACO2/CS/OGDHL/ACLY/PCK2/PC"
"hsa05202","Transcriptional misregulation in cancer",144,0.58575214325324,1.47218075316997,0.000153347475082032,0.00312445480479641,0.00243136457202433,2578,"tags=29%, list=15%, signal=25%","TGFBR2/CSF1R/MEF2C/SPI1/CDK14/HMGA2/H3C8/GADD45G/RUNX1T1/KDM6A/MAF/H3C7/PLAT/BCL2A1/NR4A3/IL1R2/ETV1/CCND2/IGF1/CD86/MEIS1/FLI1/MLLT3/DUSP6/LMO2/H3-4/H3C15/NFKBIZ/H3C13/WT1/CDKN1A/MITF/ID2/H3C1/GADD45B/H3C11/DDIT3/RUNX2/H3C14/BCL6/H3-5/H3C2"
"hsa05171","Coronavirus disease - COVID-19",189,0.560561804619828,1.41223133093962,0.000187236701070997,0.00359053909112617,0.0027940585113381,4516,"tags=53%, list=26%, signal=40%","IL1B/CYBB/PRKCB/C4B/CASP1/F13A1/C1QB/RPL10L/TLR2/C3AR1/NLRP3/CCL2/FCGR2A/C1QA/C6/C4A/MX2/FOS/SYK/TNF/IFIH1/OAS2/PIK3R1/TLR8/IL6R/OAS3/RPL22L1/RPS27/RPS12/JUN/RIGI/RPS29/RPL39/RPL31/MYD88/OAS1/C3/RPL38/RPL34/RPS21/RPL37A/RPS18/PIK3R3/RPL41/RPL32/STING1/RPL36/RPLP2/RPL35A/RPL35/RPL37/RPL30/MASP2/HBEGF/RPS20/RPS24/RPS15A/CXCL8/RPS28/RPS27L/C1R/RPS27A/IL12A/RPS19/RPL21/RPL27A/RPL26/RPLP1/RPS14/RPS25/ISG15/RPS10/RPL24/RPS26/RPL36AL/TLR3/RPL27/RPS23/IKBKE/PIK3R2/RPL28/RPS16/C1S/RPL23/RPS3A/TLR7/RPS15/RPS11/RPS13/RPL12/RPL9/RPL11/UBA52/RPS8/RPL29/RPS3/RPL18A/RPS6/RPL26L1/FAU/RPL10A"
"hsa05169","Epstein-Barr virus infection",169,0.5698413330749,1.43341751998678,0.000200653101527902,0.00363405061656089,0.00282791798059791,2526,"tags=25%, list=14%, signal=21%","HLA-DQA1/HLA-DQA2/HLA-DQB2/RUNX3/IRF7/TLR2/GADD45G/CDK6/BLNK/HLA-DRB5/CCND2/BTK/HLA-DQB1/SYK/MAP2K6/HLA-G/HLA-F/HLA-DRB1/HLA-DRA/ENTPD8/HES1/TNF/ICAM1/ITGAL/CDKN1A/OAS2/PIK3R1/HLA-C/HLA-B/HLA-DMB/B2M/HLA-DMA/HLA-A/GADD45B/HLA-DPA1/TNFAIP3/OAS3/ENTPD1/JUN/RIGI/MYD88/OAS1"
"hsa05416","Viral myocarditis",52,0.673976967551207,1.63422435374822,0.000299230979685184,0.00513417365144052,0.00399527236033957,3027,"tags=50%, list=17%, signal=41%","HLA-DQA1/HLA-DQA2/HLA-DQB2/HLA-DRB5/DMD/CD86/HLA-DQB1/HLA-G/HLA-F/HLA-DRB1/HLA-DRA/ICAM1/ITGAL/CD28/RAC2/HLA-C/SGCA/HLA-B/HLA-DMB/HLA-DMA/HLA-A/HLA-DPA1/SGCE/ITGB2/CXADR/CD40"
"hsa03460","Fanconi anemia pathway",49,-0.467644525281253,-1.87019467348113,0.000315600763933904,0.00514429245212264,0.00400314653200373,3575,"tags=53%, list=20%, signal=42%","MUS81/FAN1/USP1/FANCM/POLH/TELO2/FANCD2/PMS2/ATRIP/ATR/BRIP1/BRCA2/FANCG/RPA1/RMI1/TOP3A/PALB2/RMI2/SLX4/FANCB/EME1/FANCA/FANCI/BRCA1/BLM/FANCE"
"hsa05323","Rheumatoid arthritis",68,0.6385683055443,1.56411803982042,0.000367042831099176,0.0056979029970634,0.00443395099222563,2389,"tags=38%, list=14%, signal=33%","IL1B/HLA-DQA1/HLA-DQA2/HLA-DQB2/TLR2/CCL2/HLA-DRB5/ATP6V0A4/ACP5/TNFSF13B/CD86/HLA-DQB1/FOS/HLA-DRB1/HLA-DRA/TNF/ICAM1/ITGAL/LTB/CD28/HLA-DMB/HLA-DMA/TGFB3/HLA-DPA1/IL1A/JUN"
"hsa03410","Base excision repair",44,-0.492395582538709,-1.95881626842331,0.000452718350426754,0.00670846282905099,0.00522034078721759,4425,"tags=59%, list=25%, signal=44%","MBD4/ADPRS/POLD2/NTHL1/POLL/PARP2/RFC2/RFC5/RFC3/RFC4/XRCC1/POLD3/UNG/PARG/POLE2/FEN1/TDP1/RFC1/LIG1/PARP1/NEIL3/LIG3/PARP4/POLG/POLD1/POLE"
"hsa05310","Asthma",13,0.827268038282996,1.67748317894184,0.000477298289960363,0.00676518445769906,0.00526447999452849,3027,"tags=100%, list=17%, signal=83%","HLA-DQA1/HLA-DQA2/HLA-DQB2/HLA-DRB5/HLA-DQB1/HLA-DRB1/HLA-DRA/TNF/HLA-DMB/HLA-DMA/HLA-DPA1/FCER1G/CD40"
"hsa01210","2-Oxocarboxylic acid metabolism",27,-0.580823624950978,-1.93866447964055,0.000547488501711643,0.0072838616053613,0.00566810024827922,5027,"tags=63%, list=29%, signal=45%","PDHA1/DLD/IDH3B/GOT1/BCAT2/DLST/ACO1/IDH3A/DLAT/OGDH/DBT/ACO2/GPT2/CS/GOT2/OGDHL/DHTKD1"
"hsa05145","Toxoplasmosis",95,0.609820485031279,1.51737011553435,0.000558578343969425,0.0072838616053613,0.00566810024827922,2261,"tags=28%, list=13%, signal=25%","HLA-DQA1/HLA-DQA2/HLA-DQB2/LAMB4/CCR5/ALOX5/HSPA6/TLR2/HSPA1L/HLA-DRB5/PIK3R5/LAMC2/GNAI1/HLA-DQB1/MAP2K6/HSPA1A/HLA-DRB1/HLA-DRA/SOCS1/TNF/PIK3CG/HSPA1B/ITGA6/HLA-DMB/HLA-DMA/TGFB3/HLA-DPA1"
"hsa04672","Intestinal immune network for IgA production",24,0.756623210950488,1.69316710495125,0.000688898899196297,0.00863773235146126,0.00672164512981002,2261,"tags=58%, list=13%, signal=51%","HLA-DQA1/HLA-DQA2/HLA-DQB2/CXCR4/HLA-DRB5/TNFSF13B/CD86/HLA-DQB1/HLA-DRB1/HLA-DRA/CD28/HLA-DMB/HLA-DMA/HLA-DPA1"
"hsa00670","One carbon pool by folate",31,-0.550025501111418,-1.91149981040968,0.000812097280672999,0.00980532272219991,0.00763023175992954,3685,"tags=55%, list=21%, signal=43%","DHFR/AHCY/AHCYL1/MTHFD2/AHCYL2/MTHFR/MAT2A/SHMT2/SHMT1/TYMS/ALDH7A1/MTHFD1L/GART/SARDH/CBS/MTHFD1/GLDC"
"hsa05034","Alcoholism",149,0.558249956372115,1.40383865753091,0.00124379868727219,0.0144813704303833,0.0112690031440826,3807,"tags=46%, list=22%, signal=37%","H3C8/H3C7/DDC/FOSB/PRKACG/GNAI1/H4C13/H4C9/GNG2/H4C2/H2BC3/H4C1/SHC3/H3-4/H2BC17/H3C15/H4C12/H2AC21/H2AC4/H2AC16/H2BC14/H4C11/H3C13/GNG11/H2AC13/H2BC18/H4C5/H2BC15/H2AC19/H2AC18/H2AC15/CREB5/H2BC4/H2BC7/H3C1/H2AC17/H2BC13/H2AC25/H2AC8/H3C11/H2AC7/H4C8/GNB4/H3C14/H2BC6/GRIN2C/H2AC12/H2BC21/H3-5/H3C2/H2AC6/GNGT2/H3C12/H4C16/H2BC11/H4C14/H4C15/H3C3/BDNF/H4C4/H2AC11/H3C10/H2BC5/H2AC14/H3C6/H4C3/H2BC12L/CREB3L2/H2AC20"
"hsa00270","Cysteine and methionine metabolism",37,-0.478643247066687,-1.85136562946369,0.00131470205280987,0.0147790644557248,0.0115006604256689,3907,"tags=43%, list=22%, signal=34%","BCAT2/AHCY/AHCYL1/DNMT3B/AMD1/SMS/AHCYL2/MAT2A/ADI1/GOT2/DNMT1/GCLM/PSAT1/CBS/PHGDH/IL4I1"
"hsa03015","mRNA surveillance pathway",85,-0.338132889074071,-1.51941927870089,0.00149441629923925,0.0157154746307096,0.0122293490022635,5446,"tags=56%, list=31%, signal=39%","EIF4A3/NXT1/CPSF6/PPP2R5A/PELO/RNMT/ETF1/CPSF7/CSTF3/RNGTT/GSPT2/PABPC4/PPP1CC/PYM1/TARDBP/SRRM1/SMG5/PABPC1/RNPS1/CPSF3/SMG6/CSTF2/PPP2R5D/SMG1/CASC3/CSTF1/CLP1/PAPOLA/NUDT21/CPSF4/PPP2R5E/HBS1L/DDX19A/SMG7/WDR82/WDR33/CPSF2/GSPT1/PPP2R1B/DAZAP1/CSTF2T/NCBP1/MSI1/UPF1/GLE1/SYMPK/CPSF1/PPP2R2C"
"hsa03010","Ribosome",130,0.560485282167592,1.40670975040796,0.00148334107387521,0.0157154746307096,0.0122293490022635,5566,"tags=65%, list=32%, signal=45%","RPL10L/RPL22L1/RPS27/RPS12/RPS29/RPL39/RPL31/RPL38/RPL34/RPS21/RPL37A/RPS18/RPL41/RPL32/RPL36/RPLP2/RPL35A/RPL35/RPL37/RPL30/RPS20/RPS24/RPS15A/RPS28/RPS27L/RPS27A/RPS19/RPL21/RPL27A/RPL26/RPLP1/RPS14/RPS25/RPS10/RPL24/RPS26/MRPS6/RPL36AL/MRPL18/RPL27/RPS23/MRPL33/RPL28/RPS16/MRPS21/RPL23/RPS3A/RPS15/RPS11/RPS13/RPL12/RPL9/RPL11/UBA52/RPS8/RPL29/RPS3/RPL18A/MRPS18C/RPS6/RPL26L1/FAU/RPL10A/RPS9/RPS7/MRPL20/RPL13/MRPL27/RPL7/RPL10/MRPL24/MRPL32/RPL13A/RPL7A/RPS5/RPL14/RPS17/MRPL14/RPL23A/RPL36A/RPL19/MRPL13/MRPL21/RPL18/MRPL17"
"hsa04514","Cell adhesion molecules",99,0.581223437853202,1.45005525113857,0.00158498280657965,0.0161470123420302,0.0125651597495295,3027,"tags=42%, list=17%, signal=35%","CADM1/HLA-DQA1/SLITRK6/HLA-DQA2/HLA-DQB2/PTPRC/CDH2/HLA-DRB5/ALCAM/PTPRM/LRRC4/CD86/HLA-DQB1/NEGR1/ITGB8/MAG/HLA-G/HLA-F/HLA-DRB1/HLA-DRA/VCAN/ICAM1/JAM2/ITGAL/CD28/CLDN16/CD8B2/ITGA6/SIGLEC1/HLA-C/HLA-B/HLA-DMB/HLA-DMA/HLA-A/HLA-DPA1/ITGB2/NEO1/NECTIN1/CDH1/ITGA9/CXADR/CD40"
"hsa04610","Complement and coagulation cascades",47,0.646711645881607,1.56266066702679,0.00213444144761997,0.0204655268212973,0.0159257086339446,3371,"tags=49%, list=19%, signal=40%","C4B/F13A1/C1QB/C3AR1/PLAT/CFH/C1QA/SERPING1/C6/C4A/VTN/SERPINA1/BDKRB2/SERPINF2/CLU/ITGAX/PROS1/C3/ITGB2/F3/MASP2/C1R/F8"
"hsa05152","Tuberculosis",133,0.555784043168531,1.39428208661275,0.00209250156457265,0.0204655268212973,0.0159257086339446,2989,"tags=25%, list=17%, signal=21%","IL1B/HLA-DQA1/HLA-DQA2/MRC1/HLA-DQB2/CTSS/CLEC4M/LSP1/TLR2/FCGR2A/HLA-DRB5/ATP6V0A4/HLA-DQB1/CD74/SYK/CD209/HLA-DRB1/PPP3CA/HLA-DRA/TNF/CAMK2D/HLA-DMB/ITGAX/HLA-DMA/TGFB3/HLA-DPA1/IL1A/MYD88/C3/ITGB2/FCER1G/CIITA/CD14"
"hsa04658","Th1 and Th2 cell differentiation",66,0.619848623651965,1.51906320765506,0.00234519614819142,0.0218438269802973,0.0169982638109514,2389,"tags=29%, list=14%, signal=25%","HLA-DQA1/HLA-DQA2/HLA-DQB2/RUNX3/MAF/HLA-DRB5/LCK/HLA-DQB1/FOS/HLA-DRB1/PPP3CA/HLA-DRA/MAML3/ZAP70/STAT5A/HLA-DMB/HLA-DMA/HLA-DPA1/JUN"
"hsa03440","Homologous recombination",39,-0.465015655461283,-1.7878407485979,0.0025757482023693,0.022694430107362,0.0176601797089901,3678,"tags=46%, list=21%, signal=37%","BARD1/RAD51D/POLD3/MRE11/RAD54B/BRIP1/BRCA2/RPA1/TOPBP1/XRCC2/TOP3A/PALB2/RAD54L/EME1/XRCC3/BRCA1/BLM/POLD1"
"hsa05321","Inflammatory bowel disease",39,0.668506198873867,1.58549574408307,0.00254395923095788,0.022694430107362,0.0176601797089901,2676,"tags=46%, list=15%, signal=39%","IL1B/HLA-DQA1/HLA-DQA2/HLA-DQB2/TLR2/MAF/HLA-DRB5/HLA-DQB1/HLA-DRB1/HLA-DRA/TNF/HLA-DMB/HLA-DMA/TGFB3/HLA-DPA1/IL1A/JUN/RORA"
"hsa03430","Mismatch repair",22,-0.596820898417409,-1.86860585656887,0.00285970134501664,0.0245332273283007,0.0190910810013577,4168,"tags=68%, list=24%, signal=52%","MLH3/MSH3/RFC2/RFC5/RFC3/RFC4/POLD3/PMS2/MSH2/RFC1/LIG1/RPA1/EXO1/MSH6/POLD1"
"hsa05133","Pertussis",57,0.627579551214685,1.52384849011275,0.00314341714438183,0.025509201009404,0.0198505568074471,3398,"tags=39%, list=19%, signal=31%","IL1B/C4B/CASP1/C1QB/NLRP3/IRF8/C1QA/SERPING1/GNAI1/C4A/FOS/TNF/IL1A/JUN/MYD88/IRF1/C3/ITGB2/CD14/CXCL8/C1R/IL12A"
"hsa04662","B cell receptor signaling pathway",66,0.615259610892432,1.50781691271066,0.00320821239688823,0.025509201009404,0.0198505568074471,2798,"tags=32%, list=16%, signal=27%","PRKCB/DAPP1/BLNK/VAV3/BTK/FOS/SYK/LILRA2/PPP3CA/PTPN6/RASGRP3/CD79A/INPP5D/BANK1/RAC2/CARD11/PIK3R1/VAV1/JUN/PIK3R3/LILRB3"
"hsa05164","Influenza A",127,0.552145411496727,1.38528808067315,0.00309553171461105,0.025509201009404,0.0198505568074471,3110,"tags=28%, list=18%, signal=23%","IL1B/HLA-DQA1/PRKCB/HLA-DQA2/HLA-DQB2/CASP1/IRF7/CDK6/NLRP3/CCL2/HLA-DRB5/MX2/HLA-DQB1/HLA-DRB1/HLA-DRA/TNF/ICAM1/IFIH1/OAS2/RSAD2/PIK3R1/TNFSF10/HLA-DMB/HLA-DMA/HLA-DPA1/OAS3/IL1A/DNAJB1/RIGI/MYD88/OAS1/PIK3R3/SOCS3/CIITA/RNASEL/CCL5"
"hsa04650","Natural killer cell mediated cytotoxicity",76,0.5920448856448,1.46044929127788,0.00331071702182568,0.0256974702170279,0.019997062713283,2923,"tags=33%, list=17%, signal=28%","PRKCB/LCP2/CD244/VAV3/LCK/SYK/HLA-G/PPP3CA/PTPN6/SHC3/TNF/ZAP70/ICAM1/ITGAL/RAC2/PIK3R1/VAV1/TNFSF10/HLA-C/HLA-B/HLA-A/MICB/ITGB2/PIK3R3/FCER1G"
"hsa04933","AGE-RAGE signaling pathway in diabetic complications",85,0.581000024685871,1.43606609169685,0.00410192110767221,0.0310982856070033,0.024199828321885,2720,"tags=25%, list=16%, signal=21%","TGFBR2/IL1B/MMP2/CYBB/PRKCB/EDN1/COL1A2/PLCB2/CCL2/PLCD4/COL3A1/FN1/TNF/ICAM1/STAT5A/PIK3R1/TGFB3/IL1A/JUN/EGR1/PIK3R3"
"hsa05168","Herpes simplex virus 1 infection",152,0.530356972184399,1.33516114422036,0.00420146779888697,0.0311290568735716,0.0242237736730086,3110,"tags=27%, list=18%, signal=22%","IL1B/HLA-DQA1/HLA-DQA2/HLA-DQB2/IRF7/TLR2/CCL2/HLA-DRB5/POU2F2/HLA-DQB1/CD74/SYK/HLA-G/HLA-F/HLA-DRB1/HLA-DRA/TNFRSF14/TNF/IFIH1/BST2/OAS2/PIK3R1/HLA-C/HLA-B/HLA-DMB/B2M/HLA-DMA/HLA-A/HLA-DPA1/OAS3/RIGI/MYD88/OAS1/C3/CFP/PIK3R3/STING1/NECTIN1/SOCS3/RNASEL/CCL5"
"hsa04659","Th17 cell differentiation",78,0.582947393323581,1.4400199507719,0.00544014878663732,0.0394108556543059,0.030668441112973,2389,"tags=24%, list=14%, signal=21%","TGFBR2/IL1B/HLA-DQA1/HLA-DQA2/HLA-DQB2/HLA-DRB5/LCK/HLA-DQB1/FOS/HLA-DRB1/PPP3CA/HLA-DRA/ZAP70/STAT5A/HLA-DMB/HLA-DMA/HLA-DPA1/IL6R/JUN"
"hsa03450","Non-homologous end-joining",12,-0.669252773647295,-1.85926755478345,0.00642883715298088,0.0455608893885167,0.0354542277773087,4425,"tags=67%, list=25%, signal=50%","POLL/XRCC5/DCLRE1C/XRCC4/MRE11/XRCC6/FEN1/PRKDC"
"hsa05144","Malaria",28,0.67741801229226,1.54709042559643,0.00801049442030932,0.0555621527876774,0.0432369351689708,4087,"tags=68%, list=23%, signal=52%","IL1B/TLR2/CCL2/CD36/HGF/TNF/ICAM1/ITGAL/TGFB3/MYD88/ITGB2/HBB/CD40/THBS1/CXCL8/IL12A/TGFB2/VCAM1/LRP1"
"hsa04380","Osteoclast differentiation",106,0.55606411359997,1.38798021948105,0.00849535167143198,0.0576975967684756,0.044898678789805,2907,"tags=27%, list=17%, signal=23%","TGFBR2/IL1B/CSF1R/SPI1/NCF4/LCP2/BLNK/FCGR2A/LCK/FOSB/ACP5/BTK/FOS/SYK/MAP2K6/LILRA2/PPP3CA/SOCS1/TNF/ATP2A3/NCF2/PIK3R1/MITF/IL1A/JUN/JUNB/PIK3R3/LILRB3/SOCS3"
"hsa04148","Efferocytosis",131,0.53096854813796,1.33276916612919,0.00875208404747374,0.0582281510097232,0.0453115414702722,2001,"tags=19%, list=11%, signal=17%","P2RY6/CX3CR1/CASP1/C1QB/PTGS2/ELMO1/ALOX5/CH25H/S1PR1/RAB17/C1QA/CD36/STAB1/PTGER4/ATP8A1/PTPN6/P2RY2/CAMK2D/GULP1/ATP2A3/ARG1/XKR8/ANO9/CD24/CX3CL1"
"hsa04211","Longevity regulating pathway",76,-0.315965913396374,-1.39885947709962,0.00955106060259664,0.0622729151289301,0.0484590653731745,2633,"tags=26%, list=15%, signal=22%","AKT1/PIK3CB/ATG13/RB1CC1/CAMKK2/INSR/STK11/EHMT2/NFKB1/MTOR/TSC2/EHMT1/ADCY5/AKT3/ADCY3/PIK3CD/PRKAG2/PPARG/CREB3L1/CREB3L3"
"hsa03420","Nucleotide excision repair",58,-0.359272315802616,-1.471682628187,0.0106680109861444,0.0681915996369228,0.0530648224491391,3993,"tags=40%, list=23%, signal=31%","POLR2M/RAD23B/RFC2/RFC5/RFC3/RFC4/XPC/POLD3/POLR2D/POLE2/ERCC2/CUL4A/POLR2A/POLR2B/RFC1/LIG1/RPA1/GTF2H3/ERCC3/DDB1/POLD1/POLE/CUL4B"
"hsa05162","Measles",110,0.543520840588423,1.35875939222038,0.0113293578298882,0.0710263587027605,0.0552707537854869,2526,"tags=23%, list=14%, signal=20%","IL1B/CLEC4M/IRF7/HSPA6/TLR2/CDK6/HSPA1L/CCND2/MX2/FOS/HSPA1A/CD209/STAT5A/CD28/IFIH1/HSPA1B/OAS2/PIK3R1/TNFAIP3/OAS3/IL1A/JUN/RIGI/MYD88/OAS1"
"hsa00591","Linoleic acid metabolism",10,0.781203796581739,1.51073209308897,0.0120683912415861,0.074231991410511,0.0577652887631035,2876,"tags=50%, list=16%, signal=42%","PLA2G2A/CYP3A4/PLA2G4A/PLA2G1B/PLB1"
"hsa00062","Fatty acid elongation",22,-0.527840225071693,-1.65263203503268,0.0125442464731236,0.0757300805599682,0.0589310604292939,7157,"tags=82%, list=41%, signal=48%","ELOVL1/HADH/MECR/HADHB/HSD17B12/ACOT1/ACAA2/ACOT7/ELOVL7/HACD3/ACOT2/TECR/HADHA/PPT1/THEM4/HACD2/HACD1/ELOVL2"
"hsa04215","Apoptosis - multiple species",30,-0.472393990809717,-1.62565632661043,0.0133081744263033,0.0772599620933235,0.0601215720519566,5261,"tags=47%, list=30%, signal=33%","SEPTIN4/MAPK8/BOK/CASP8/BIRC6/FADD/BIRC3/CASP9/MAPK9/BIRC2/BCL2L1/TNFRSF1A/BIRC5/BIRC7"
"hsa04061","Viral protein interaction with cytokine and cytokine receptor",43,0.613287653085727,1.46902089175007,0.0135792552356816,0.0772599620933235,0.0601215720519566,2269,"tags=35%, list=13%, signal=30%","CSF1R/CX3CR1/CCR5/IL22RA1/CCR2/CXCL14/CCR7/CCL2/CXCR4/TNFRSF14/TNF/CXCR3/TNFSF10/CX3CL1/IL6R"
"hsa04974","Protein digestion and absorption",54,0.593580540880826,1.43734645019543,0.0130597304125626,0.0772599620933235,0.0601215720519566,1415,"tags=28%, list=8%, signal=26%","CPA2/COL14A1/COL1A2/COL3A1/CPA1/COL28A1/DPP4/ELN/SLC7A7/ATP1B2/COL8A1/COL10A1/SLC7A8/ATP1A2/ATP1A4"
"hsa04726","Serotonergic synapse",64,0.568367337692469,1.39068980256861,0.0137456374276465,0.0772599620933235,0.0601215720519566,2416,"tags=23%, list=14%, signal=20%","PRKCB/PTGS2/ALOX5/PLCB2/DDC/PRKACG/GNAI1/PLA2G4A/PTGS1/CACNA1C/GNG2/GNG11/DUSP1/CACNA1D/GNB4"
"hsa04914","Progesterone-mediated oocyte maturation",85,-0.295584389017966,-1.32822518503528,0.0149265558836194,0.0824755460688122,0.0641801956815749,3025,"tags=36%, list=17%, signal=30%","PDE3B/BUB1/MAPK9/RPS6KA1/AKT1/PIK3CB/MAPK12/FZR1/CDC27/CDK1/CCNB2/CDC23/CCNB3/CCNB1/CDC25B/CDC25C/CCNA2/KIF22/ANAPC1/ADCY5/CDK2/CDC25A/PKMYT1/STK10/PLK1/AKT3/ADCY3/PIK3CD/AURKA/RPS6KA6/MAD1L1"
"hsa00590","Arachidonic acid metabolism",36,0.624643195595887,1.46922435548078,0.0161672156365017,0.0878418716249926,0.0683561222525774,1481,"tags=25%, list=8%, signal=23%","PTGS2/ALOX5/PLA2G2A/CYP4F3/CYP4F2/PLA2G4A/PTGS1/TBXAS1/PTGDS"
"hsa01040","Biosynthesis of unsaturated fatty acids",22,-0.51027034786657,-1.5976219381481,0.0169508078102825,0.0905895630516736,0.0704942999530298,6221,"tags=73%, list=36%, signal=47%","HSD17B12/ACOT1/ACOT7/ELOVL7/HACD3/ACOT2/TECR/SCD/ACOX1/SCD5/FADS1/FADS2/ACOX3/HACD2/HACD1/ELOVL2"
"hsa00565","Ether lipid metabolism",33,0.635568082854907,1.48660934001961,0.0180221882764528,0.0947618286794132,0.073741042014009,1049,"tags=18%, list=6%, signal=17%","LPCAT2/PLA2G2A/PLA2G7/PLD1/PLD4/PLA2G4A"
"hsa04060","Cytokine-cytokine receptor interaction",138,0.525227398891504,1.31841698580975,0.018492667092057,0.095692213841438,0.0744650420916582,2323,"tags=25%, list=13%, signal=22%","TGFBR2/IL1B/CSF1R/GDF3/CX3CR1/CCR5/TNFRSF19/IL22RA1/CCR2/CXCL14/CSF2RB/CCR7/BMP2/CCL2/IL1R2/CXCR4/INHBA/TNFSF13B/IL16/TNFRSF14/IL32/TNFSF12/TNF/LTB/CXCR3/GDF5/BMP8A/TNFSF10/CX3CL1/BMPR1B/TNFSF15/TGFB3/IL6R/IL1A"
"hsa04062","Chemokine signaling pathway",136,0.522964092428515,1.31226060262197,0.0190940415993888,0.0972602743968866,0.0756852635765246,2001,"tags=20%, list=11%, signal=18%","PRKCB/CX3CR1/CCR5/ELMO1/HCK/CCR2/DOCK2/PLCB2/CXCL14/CCR7/FGR/CCL2/CXCR4/VAV3/PIK3R5/PRKACG/PREX1/GNAI1/GNG2/SHC3/PIK3CG/CXCR3/GNG11/RAC2/PIK3R1/VAV1/CX3CL1"
"hsa04820","Cytoskeleton in muscle cells",167,0.507241959270955,1.2749612560633,0.0202765152392445,0.101694522584518,0.0791358732414237,2210,"tags=23%, list=13%, signal=20%","TNNT3/FBN3/BGN/DSC2/ACTG2/DIAPH2/COL1A2/TNNI2/FBLN2/ACTC1/ACTN3/COL3A1/FN1/DMD/ACTA1/ELN/ATP1B2/ITGB8/ENO3/DCN/TNNI1/ITGA1/FLNC/ITGA11/ATP1A2/VCAN/ATP1A4/ITGA2/MYBPC2/FBN1/ITGA6/MYOM3/SGCA/ANKRD2/NID2/TNNC1/TNNC2/CAPN3"
"hsa05134","Legionellosis",48,0.583235742625711,1.40868330878853,0.0210766269516965,0.104105763428076,0.0810122343757392,3398,"tags=35%, list=19%, signal=29%","IL1B/CASP1/HSPA6/TLR2/HSPA1L/HSPA1A/TNF/HSPA1B/CLK1/MYD88/C3/ITGB2/CD14/CLK4/BNIP3/CXCL8/IL12A"
"hsa04664","Fc epsilon RI signaling pathway",53,0.587639565371575,1.42269389676677,0.0215890158436151,0.105045062164456,0.0817431707511585,1980,"tags=25%, list=11%, signal=22%","ALOX5/LCP2/ALOX5AP/VAV3/BTK/SYK/PLA2G4A/MAP2K6/TNF/INPP5D/RAC2/PIK3R1/VAV1"
"hsa04920","Adipocytokine signaling pathway",53,-0.354859905982813,-1.39174467731687,0.0246727388956977,0.118284012941139,0.092045357180544,2864,"tags=38%, list=16%, signal=32%","MAPK9/AKT1/CAMKK2/TRAF2/TNFRSF1A/STK11/CPT1C/PPARA/NFKB1/MTOR/ACSL4/PTPN11/ACACB/TNFRSF1B/ACSL1/CPT1A/AKT3/PCK2/SLC2A4/PRKAG2"
"hsa04611","Platelet activation",98,0.538340806885845,1.34272713631497,0.0261569416498994,0.123582072143003,0.0961681607570672,1883,"tags=22%, list=11%, signal=20%","APBB1IP/LCP2/COL1A2/PLCB2/FCGR2A/PIK3R5/P2RX1/COL3A1/PRKACG/GNAI1/BTK/SYK/PLA2G4A/PTGS1/RASGRP1/TBXAS1/FERMT3/PIK3CG/PRKG1/ITGA2/PRKG2/PIK3R1"
"hsa00534","Glycosaminoglycan biosynthesis - heparan sulfate / heparin",19,0.675389830556146,1.46549753384901,0.0293427230046948,0.136653252850436,0.106339793144834,774,"tags=16%, list=4%, signal=15%","NDST3/XYLT1/NDST4"
"hsa04913","Ovarian steroidogenesis",33,0.613525500210922,1.43505119838117,0.0310108750104425,0.142387961315553,0.110802385137385,1672,"tags=27%, list=10%, signal=25%","HSD3B1/PTGS2/ALOX5/CYP17A1/IGF1/PRKACG/PLA2G4A/STAR/CYP19A1"
"hsa04621","NOD-like receptor signaling pathway",137,0.507011867879771,1.27258998237895,0.034,0.153944444444444,0.119795321637427,2812,"tags=20%, list=16%, signal=17%","IL1B/GBP2/CYBB/CARD16/GBP1/CASP1/GBP4/IRF7/TRPM2/PLCB2/NLRP3/GBP7/CCL2/GBP3/P2RX7/TNF/GBP5/OAS2/CARD6/TNFAIP3/OAS3/GPSM3/JUN/MYD88/OAS1/PSTPIP1/GABARAPL1/STING1"
"hsa05142","Chagas disease",77,0.539281986365714,1.33107269024473,0.0362903225806452,0.162063632346443,0.126113449775566,3398,"tags=27%, list=19%, signal=22%","TGFBR2/IL1B/C1QB/TLR2/PLCB2/CCL2/C1QA/GNAI1/FOS/BDKRB2/TNF/PIK3R1/TGFB3/JUN/MYD88/C3/PIK3R3/GNA15/CCL5/CXCL8/IL12A"
"hsa00982","Drug metabolism - cytochrome P450",30,0.609986186719132,1.40869638170669,0.0369163952225842,0.162631687061654,0.126555494290793,3960,"tags=50%, list=23%, signal=39%","CYP2A6/GSTA1/CYP3A4/ALDH3B2/GSTM5/ALDH3A1/FMO4/MGST2/CYP2D6/MGST3/FMO5/FMO1/GSTT2B/GSTT2/GSTA4"
"hsa05340","Primary immunodeficiency",23,0.639241785927596,1.42442639480685,0.0375854214123007,0.163371298405467,0.127131039443712,3027,"tags=39%, list=17%, signal=32%","PTPRC/BLNK/LCK/BTK/ZAP70/CD79A/CD8B2/CIITA/CD40"
"hsa04730","Long-term depression",44,0.570743556268941,1.37093469700689,0.0387029288702929,0.165613724289752,0.128876033431806,1770,"tags=18%, list=10%, signal=16%","PRKCB/GRID2/PLCB2/IGF1/GNAI1/PLA2G4A/PRKG1/PRKG2"
"hsa04080","Neuroactive ligand-receptor interaction",116,0.514643177224742,1.28985275365298,0.0391173520561685,0.165613724289752,0.128876033431806,1592,"tags=22%, list=9%, signal=20%","P2RY6/CYSLTR1/CHRNA6/CYSLTR2/MCHR1/EDN1/CHRNA9/CHRNB3/C3AR1/GRID2/SSTR3/LPAR1/EDNRB/ADRA2A/S1PR1/GRIK2/P2RX1/ADM/MTNR1A/P2RX7/PTGER4/BDKRB2/LPAR6/P2RY2/P2RY14"
"hsa04961","Endocrine and other factor-regulated calcium reabsorption",41,0.575948030432898,1.37508059947965,0.04,0.167179487179487,0.130094466936572,1947,"tags=27%, list=11%, signal=24%","PRKCB/ATP2B3/PLCB2/PRKACG/DNM3/ATP1B2/BDKRB2/ATP1A2/ATP1A4/ATP2B1/PTH1R"
"hsa04512","ECM-receptor interaction",55,0.559423530189987,1.35514484766966,0.0423553719008264,0.174782927084423,0.136011254205186,1471,"tags=24%, list=8%, signal=22%","LAMB4/COL1A2/NPNT/TNC/LAMC2/CD36/FN1/ITGB8/VTN/ITGA1/SPP1/ITGA11/ITGA2"
"hsa00250","Alanine, aspartate and glutamate metabolism",29,-0.396618871832449,-1.37869955183466,0.0436215051127723,0.176909510242844,0.137666102578383,2593,"tags=41%, list=15%, signal=35%","ASS1/NAT8L/GPT2/CPS1/GLUD1/GOT2/PPAT/ASNS/ALDH4A1/CAD/GFPT2/IL4I1"
"hsa05417","Lipid and atherosclerosis",167,0.486711305575538,1.2233571102609,0.043956043956044,0.176909510242844,0.137666102578383,2000,"tags=17%, list=11%, signal=16%","IL1B/CYBB/CYP2A6/CASP1/NCF4/IRF7/HSPA6/TLR2/PLCB2/NLRP3/HSPA1L/CCL2/VAV3/APOB/CD36/POU2F2/FOS/MAP2K6/HSPA1A/HSPA2/PPP3CA/TNF/CAMK2D/ICAM1/HSPA1B/NCF2/PIK3R1/VAV1/TNFSF10"
"hsa04978","Mineral absorption",44,0.567993810220984,1.36432976520574,0.044979079497908,0.178819267272171,0.139152222836917,3230,"tags=41%, list=18%, signal=33%","ATP2B3/SLC26A3/SLC34A2/TF/ATP1B2/HEPHL1/MT1B/MT1HL1/ATP1A2/ATP1A4/ATP2B1/SLC40A1/TRPM6/MT1F/MT1X/MT1G/ATOX1/MT1A"
"hsa00600","Sphingolipid metabolism",46,-0.358284926193804,-1.43970889916483,0.0456169549690908,0.179170208673778,0.139425315758413,1214,"tags=39%, list=7%, signal=37%","CERS4/SGPP1/ACER3/SPTLC1/KDSR/CERS1/GLB1/PLPP2/SMPD3/B4GALNT1/UGCG/SPHK1/NEU4/SMPD4/CERK/GAL3ST1/NEU3/PLPP3"
"hsa01250","Biosynthesis of nucleotide sugars",35,-0.379787017245062,-1.42151593579565,0.0468951003261664,0.181997651265836,0.141625553616618,1341,"tags=40%, list=8%, signal=37%","GNE/GNPNAT1/GALK1/GFPT1/GPI/GALE/PGM2/HK1/NANP/UAP1L1/UAP1/HK2/GFPT2/HKDC1"
"hsa00640","Propanoate metabolism",28,-0.411450291914165,-1.408350606931,0.048461228266774,0.18586306370551,0.144633510988143,5289,"tags=50%, list=30%, signal=35%","PCCA/SUCLG2/SUCLA2/HADHA/ACOX1/ACADS/DLD/ACSS2/ACOX3/DBT/ALDH6A1/ACACA/ACACB/ACSS1"
"hsa00650","Butanoate metabolism",20,0.652502423423412,1.42168961783807,0.0549065420560748,0.203958120531154,0.158714585237353,453,"tags=15%, list=3%, signal=15%","HMGCS2/ACSM1/ACSM3"
"hsa00860","Porphyrin metabolism",25,0.613805392975203,1.38108399671655,0.0550561797752809,0.203958120531154,0.158714585237353,1123,"tags=12%, list=6%, signal=11%","FTMT/CP/HEPHL1"
"hsa04217","Necroptosis",121,0.5012589011901,1.25791467334075,0.0550550550550551,0.203958120531154,0.158714585237353,2583,"tags=21%, list=15%, signal=18%","IL1B/CYBB/CASP1/NLRP3/GLUL/PLA2G4A/TNF/CAMK2D/STAT5A/H2AC21/H2AC4/H2AC16/H2AC13/H2AC19/H2AC18/TNFSF10/H2AC15/H2AC17/H2AC25/TNFAIP3/H2AC8/IL1A/H2AC7/H2AC12/H2AC6"
"hsa00450","Selenocompound metabolism",16,-0.491035517985491,-1.42834831107336,0.0557929719207611,0.204365267934473,0.159031416119496,5611,"tags=56%, list=32%, signal=38%","SEPSECS/KYAT3/MTR/SEPHS1/SCLY/SEPHS2/MARS1/MARS2/TXNRD1"
"hsa04064","NF-kappa B signaling pathway",85,0.516220863631663,1.27595051048183,0.0616784630940344,0.223413099651725,0.173853913516518,3238,"tags=27%, list=19%, signal=22%","IL1B/PRKCB/PTGS2/GADD45G/BCL2A1/BLNK/LCK/TNFSF13B/BTK/SYK/TNF/ZAP70/ICAM1/LTB/CARD11/GADD45B/TNFAIP3/RIGI/MYD88/CD14/CD40/EDA/CXCL8"
"hsa04924","Renin secretion",41,0.560949671494042,1.33927189572325,0.0663157894736842,0.237570850202429,0.184871084594076,2670,"tags=32%, list=15%, signal=27%","EDN1/PLCB2/PDE1B/PDE1A/PRKACG/GNAI1/PTGER4/CACNA1C/PPP3CA/PRKG2/CACNA1D/AQP1/EDN2"
"hsa04975","Fat digestion and absorption",21,0.618325833337093,1.35566781805293,0.0749711649365629,0.261676441628494,0.203629391128405,1500,"tags=24%, list=9%, signal=22%","PLA2G2A/APOB/CD36/ABCG8/CEL"
"hsa00140","Steroid hormone biosynthesis",27,0.593712676287861,1.35429345263369,0.0752212389380531,0.261676441628494,0.203629391128405,1795,"tags=26%, list=10%, signal=23%","HSD3B1/CYP3A4/CYP17A1/AKR1D1/HSD17B8/CYP19A1/SULT2B1"
"hsa04928","Parathyroid hormone synthesis, secretion and action",92,0.503913731321382,1.25104304106646,0.0754527162977867,0.261676441628494,0.203629391128405,2567,"tags=23%, list=15%, signal=20%","NR4A2/PRKCB/MMP14/MEF2C/SLC12A3/PDE4B/PLCB2/MAFB/PRKACG/PLD1/GNAI1/PTHLH/SLC34A2/FOS/MMP13/CDKN1A/PTH1R/CREB5/RUNX2/PDE4D/EGR1"
"hsa04915","Estrogen signaling pathway",99,0.501171548704975,1.25033917869025,0.079476861167002,0.270439003932656,0.210448175485211,2745,"tags=23%, list=16%, signal=20%","MMP2/KRT17/KRT16/HSPA6/KRT14/PLCB2/HSPA1L/PRKACG/GNAI1/FOS/HSPA1A/KRT15/KRT13/SHC3/TGFA/HSPA1B/PIK3R1/CREB5/JUN/GABBR1/GPER1/PIK3R3/ESR2"
"hsa00260","Glycine, serine and threonine metabolism",29,-0.35815564870963,-1.24499631114784,0.07963847968569,0.270439003932656,0.210448175485211,2660,"tags=41%, list=15%, signal=35%","SRR/SHMT2/SHMT1/AOC2/ALDH7A1/GCAT/MAOA/PSAT1/SARDH/CBS/PHGDH/GLDC"
"hsa04925","Aldosterone synthesis and secretion",69,0.516401749174875,1.26743097291639,0.0819009100101112,0.27525460477625,0.214195543271154,2092,"tags=25%, list=12%, signal=22%","NR4A2/PRKCB/HSD3B1/ATP2B3/PLCB2/PRKACG/ATP1B2/NR4A1/CACNA1C/ATP1A2/ATP1A4/KCNK3/STAR/CAMK2D/PDE2A/ATP2B1/CREB5"
"hsa04972","Pancreatic secretion",54,0.529772718850441,1.28283675829418,0.0847107438016529,0.27968256886356,0.217641262822467,1899,"tags=24%, list=11%, signal=22%","PRKCB/CPA2/PLA2G2A/ATP2B3/PLCB2/SLC26A3/CPA1/ATP1B2/ATP1A2/ATP1A4/CEL/ATP2A3/ATP2B1"
"hsa05146","Amoebiasis",72,0.517792699238215,1.27003789008341,0.0849342770475228,0.27968256886356,0.217641262822467,2989,"tags=26%, list=17%, signal=22%","IL1B/PRKCB/LAMB4/COL1A2/TLR2/PLCB2/IL1R2/LAMC2/COL3A1/FN1/PRKACG/TNF/ARG1/PIK3R1/TGFB3/ITGB2/PIK3R3/GNA15/CD14"
"hsa04670","Leukocyte transendothelial migration",89,0.49673081906827,1.23165693349979,0.0884422110552764,0.288321608040201,0.224363924887596,1980,"tags=19%, list=11%, signal=17%","MMP2/CYBB/PRKCB/NCF4/CTNNA3/RHOH/CXCR4/VAV3/GNAI1/ICAM1/JAM2/ITGAL/RAC2/NCF2/CLDN16/PIK3R1/VAV1"
"hsa04540","Gap junction",68,0.512325058198706,1.25489608366579,0.0961538461538462,0.31035795887281,0.241512005451557,1770,"tags=16%, list=10%, signal=15%","PRKCB/PLCB2/LPAR1/TUBA4A/TUBA3C/GJA1/PRKACG/GNAI1/PRKG1/PDGFRA/PRKG2"
"hsa04912","GnRH signaling pathway",70,0.509894752609644,1.25074524885155,0.0981781376518219,0.313785028181313,0.244178856285749,1522,"tags=14%, list=9%, signal=13%","MMP2/PRKCB/MMP14/PLCB2/PRKACG/PLD1/PLA2G4A/MAP2K6/CACNA1C/CAMK2D"
"hsa05204","Chemical carcinogenesis - DNA adducts",30,0.567959150611166,1.31163953847294,0.10314875135722,0.326470805266542,0.25405057820225,1539,"tags=20%, list=9%, signal=18%","CYP2A6/PTGS2/GSTA1/CYP3A4/SULT2A1/GSTM5"
"hsa00562","Inositol phosphate metabolism",67,-0.296815700877142,-1.24198741860107,0.105952933848229,0.329434196100863,0.2563566072338,3982,"tags=52%, list=23%, signal=40%","INPP5E/PIK3C3/PI4K2B/INPP5J/MTMR3/PI4KB/MTMR1/MTMR6/INPP5B/IMPA2/PIK3CB/PIP5K1A/PIP4K2B/PLCB3/SYNJ2/PI4KA/MTM1/PIP5K1C/INPP4A/PIKFYVE/INPP5A/INPP5F/OCRL/PIK3C2A/IPMK/PLCD3/IPPK/ALDH6A1/ITPK1/PLCG1/PLCD1/PIK3CD/ITPKA/MTMR4/PLCH1"
"hsa05418","Fluid shear stress and atherosclerosis",119,0.480468275835515,1.2054640628386,0.106106106106106,0.329434196100863,0.2563566072338,2389,"tags=18%, list=14%, signal=16%","IL1B/MMP2/MEF2C/EDN1/GSTA1/PLAT/CCL2/IL1R2/FOS/MAP2K6/TNF/ICAM1/GSTM5/RAC2/NCF2/PIK3R1/NPPC/DUSP1/SUMO4/BMPR1B/IL1A/JUN"
"hsa04976","Bile secretion",41,0.539072373355028,1.28703966876802,0.107368421052632,0.330208540218471,0.256959180473527,2568,"tags=32%, list=15%, signal=27%","NR0B2/ABCB1/CYP3A4/SULT2A1/PRKACG/ATP1B2/ATP1A2/ABCG8/ATP1A4/SLC10A1/AQP1/ABCG2/SLC4A5"
"hsa04750","Inflammatory mediator regulation of TRP channels",69,0.50592545052223,1.24171846242412,0.111223458038423,0.333314911020228,0.259376472573054,1883,"tags=19%, list=11%, signal=17%","IL1B/PRKCB/PLCB2/TRPM8/IGF1/PRKACG/PLA2G4A/MAP2K6/PTGER4/BDKRB2/P2RY2/CAMK2D/PIK3R1"
"hsa04022","cGMP-PKG signaling pathway",114,0.479008676930205,1.19881954215909,0.11144578313253,0.333314911020228,0.259376472573054,2092,"tags=21%, list=12%, signal=19%","MEF2C/ATP2B3/PLCB2/RGS2/EDNRB/KCNJ8/ADRA2A/PIK3R5/GNAI1/ATP1B2/CACNA1C/PPP3CA/KCNMB4/BDKRB2/ATP1A2/ATP1A4/PIK3CG/PRKG1/ATP2A3/PDE2A/PRKG2/NPPC/ATP2B1/CREB5"
"hsa05167","Kaposi sarcoma-associated herpesvirus infection",161,0.468893060340757,1.1774865997887,0.111,0.333314911020228,0.259376472573054,2720,"tags=20%, list=16%, signal=17%","PTGS2/CCR5/IRF7/HCK/ANGPT2/CDK6/LEF1/PIK3R5/PREX1/CD86/FOS/SYK/MAP2K6/HLA-G/HLA-F/PPP3CA/GNG2/PIK3CG/ICAM1/GNG11/CDKN1A/PIK3R1/HLA-C/HLA-B/ZFP36/HLA-A/MICB/JUN/GNB4/C3/GNGT2/PIK3R3"
"hsa04015","Rap1 signaling pathway",163,0.465837440081216,1.17093674028346,0.115884115884116,0.343438379802016,0.267254276823655,2060,"tags=15%, list=12%, signal=14%","CSF1R/PRKCB/EVL/APBB1IP/FYB1/LCP2/PLCB2/LPAR1/ANGPT2/LPAR5/VAV3/ARAP3/IGF1/GNAI1/RAPGEF5/MAP2K6/HGF/RASGRP3/PDGFRA/ITGAL/RAC2/PIK3R1/VAV1/EFNA1/DOCK4"
"hsa00592","alpha-Linolenic acid metabolism",13,0.649404859464977,1.31682317902258,0.117794486215539,0.345954977533925,0.269212623783261,2876,"tags=31%, list=16%, signal=26%","PLA2G2A/PLA2G4A/PLA2G1B/PLB1"
"hsa04081","Hormone signaling",105,0.483503356531322,1.20765000324524,0.120603015075377,0.351040918880115,0.273170363093664,2856,"tags=25%, list=16%, signal=21%","MCHR1/SSTR3/PLCB2/ADRA2A/IGF1/PRKACG/GNAI1/PTHLH/HEPHL1/GNG2/PRKG1/STAT5A/PRKG2/GNG11/PIK3R1/NPPC/PTH1R/SLC40A1/BMPR1B/IGF2/GNB4/GPER1/GNGT2/PIK3R3/ESR2/GNA15"
"hsa00603","Glycosphingolipid biosynthesis - globo and isoglobo series",11,0.674846087098724,1.31885824222405,0.128440366972477,0.364841041893632,0.283909238283388,1189,"tags=27%, list=7%, signal=25%","B3GALNT1/ST3GAL1/ABO"
"hsa04742","Taste transduction",23,0.579113676405576,1.29044255933415,0.12870159453303,0.364841041893632,0.283909238283388,1157,"tags=22%, list=7%, signal=20%","PLCB2/PDE1B/PDE1A/PRKACG/CACNA1C"
"hsa05218","Melanoma",57,0.509839817569106,1.23796040629162,0.127572016460905,0.364841041893632,0.283909238283388,3168,"tags=25%, list=18%, signal=20%","GADD45G/CDK6/IGF1/HGF/PDGFRA/CDKN1A/PIK3R1/MITF/GADD45B/PIK3R3/FGF22/CDH1/FGF5/FGFR1"
"hsa00601","Glycosphingolipid biosynthesis - lacto and neolacto series",18,0.604417898196724,1.29972272999191,0.138625592417062,0.384105151076123,0.298900036839992,1818,"tags=22%, list=10%, signal=20%","B3GALNT1/B3GALT2/ABO/ST3GAL6"
"hsa04960","Aldosterone-regulated sodium reabsorption",30,0.550563228121942,1.27146555814262,0.138979370249729,0.384105151076123,0.298900036839992,1955,"tags=27%, list=11%, signal=24%","PRKCB/FXYD4/IGF1/ATP1B2/ATP1A2/ATP1A4/PIK3R1/SFN"
"hsa05221","Acute myeloid leukemia",58,0.506083386043628,1.22719369345914,0.13903192584964,0.384105151076123,0.298900036839992,1883,"tags=14%, list=11%, signal=12%","CSF1R/SPI1/RUNX1T1/BCL2A1/LEF1/DUSP6/STAT5A/PIK3R1"
"hsa05032","Morphine addiction",56,0.508870326258148,1.23310245903986,0.140641158221303,0.385285862018023,0.299818833536789,2714,"tags=25%, list=16%, signal=21%","PRKCB/PDE4B/PDE7B/PDE1B/PDE1A/PRKACG/GNAI1/GNG2/PDE2A/GNG11/GNB4/PDE4D/GABBR1/GNGT2"
"hsa05143","African trypanosomiasis",20,0.586644758469364,1.27819718752801,0.142523364485981,0.387188473520249,0.301299393343171,1530,"tags=30%, list=9%, signal=27%","IL1B/PRKCB/PLCB2/APOL1/TNF/ICAM1"
"hsa04620","Toll-like receptor signaling pathway",74,0.491788879523913,1.20929417872355,0.14387031408308,0.387617540422183,0.301633281374705,3756,"tags=30%, list=22%, signal=23%","IL1B/IRF7/TLR2/CD86/FOS/MAP2K6/SPP1/TNF/PIK3R1/TLR8/JUN/MYD88/MAP3K8/PIK3R3/CD14/CD40/CCL5/CXCL8/IL12A/TLR3/IKBKE/PIK3R2"
"hsa04740","Olfactory transduction",30,0.546201457907678,1.26139252689626,0.148751357220413,0.39748313486766,0.309310414927691,1770,"tags=30%, list=10%, signal=27%","RGS2/PDE1B/PDE1A/PRKACG/PRKG1/CAMK2D/OR2B6/PDE2A/PRKG2"
"hsa04950","Maturity onset diabetes of the young",10,0.67170035060907,1.29896869554967,0.156,0.409090452215528,0.318342909215183,1424,"tags=30%, list=8%, signal=28%","SLC2A2/NKX6-1/HES1"
"hsa04216","Ferroptosis",38,0.526509581122854,1.24692864997798,0.159018143009605,0.409090452215528,0.318342909215183,2020,"tags=18%, list=12%, signal=16%","CYBB/FTMT/CP/TF/ACSL5/SAT1/SLC40A1"
"hsa04727","GABAergic synapse",54,0.504623658505816,1.22193868276351,0.159090909090909,0.409090452215528,0.318342909215183,2785,"tags=26%, list=16%, signal=22%","PRKCB/GLUL/PRKACG/GNAI1/CACNA1C/GNG2/GNG11/HAP1/GAD1/CACNA1D/GNB4/GABBR1/GNGT2/GABARAPL1"
"hsa00240","Pyrimidine metabolism",50,-0.302139217105269,-1.19437291806063,0.159369593347767,0.409090452215528,0.318342909215183,2332,"tags=26%, list=13%, signal=23%","CTPS1/ENTPD6/CANT1/TYMS/RRM1/UCK2/RRM2/NT5C2/CAD/DPYD/NT5C1A/UPB1/NT5E"
"hsa04270","Vascular smooth muscle contraction",82,0.48100739596437,1.18683130803867,0.154701718907988,0.409090452215528,0.318342909215183,2677,"tags=21%, list=15%, signal=18%","PRKCB/ACTG2/EDN1/PLA2G2A/PLCB2/PRKACG/ADM/PLA2G4A/CACNA1C/KCNMB4/PRKG1/NPPC/ACTA2/CACNA1D/MYLK4/EDN2/PLA2G1B"
"hsa04213","Longevity regulating pathway - multiple species",53,0.500295853264352,1.21123201867263,0.167355371900826,0.426233212809917,0.331682932796868,1883,"tags=15%, list=11%, signal=14%","CRYAB/HSPA6/HSPA1L/IGF1/PRKACG/HSPA1A/HSPA1B/PIK3R1"
"hsa00980","Metabolism of xenobiotics by cytochrome P450",38,0.517499646380283,1.22559048982335,0.182497331910352,0.457396970345533,0.355933709568206,1677,"tags=18%, list=10%, signal=17%","CYP2A6/GSTA1/CYP3A4/SULT2A1/ALDH3B2/GSTM5/ALDH3A1"
"hsa04720","Long-term potentiation",50,0.497712899143096,1.20516616902363,0.18380062305296,0.457396970345533,0.355933709568206,1522,"tags=14%, list=9%, signal=13%","PRKCB/PLCB2/PPP1R1A/PRKACG/CACNA1C/PPP3CA/CAMK2D"
"hsa04713","Circadian entrainment",65,0.486411862058768,1.19146881475405,0.183756345177665,0.457396970345533,0.355933709568206,2714,"tags=26%, list=16%, signal=22%","PRKCB/PLCB2/PRKACG/GNAI1/MTNR1A/FOS/CACNA1C/GNG2/PRKG1/CAMK2D/PRKG2/GNG11/CACNA1D/GNB4/GRIN2C/RASD1/GNGT2"
"hsa00340","Histidine metabolism",16,0.597698509808956,1.25591968364946,0.187576126674787,0.463256191636216,0.360493194008163,3149,"tags=44%, list=18%, signal=36%","HAL/ALDH3B2/ALDH2/ALDH3A1/AMDHD1/CARNS1/HNMT"
"hsa04623","Cytosolic DNA-sensing pathway",54,0.494070103668321,1.1963834067093,0.193181818181818,0.473513328776487,0.36847501528942,441,"tags=7%, list=3%, signal=7%","IL1B/CASP1/IRF7/NLRP3"
"hsa04066","HIF-1 signaling pathway",91,0.465244200798599,1.15453025575968,0.196177062374245,0.47726658458212,0.371395695461062,1883,"tags=15%, list=11%, signal=14%","CYBB/PRKCB/HK3/EDN1/ANGPT2/ALDOB/IGF1/TF/ENO3/EGLN3/PGK2/CAMK2D/CDKN1A/PIK3R1"
"hsa00190","Oxidative phosphorylation",108,0.459191269321589,1.14585833956546,0.199799196787149,0.482478060389707,0.375451122227702,6366,"tags=58%, list=36%, signal=37%","ATP6V0A4/NDUFA4L2/COX17/ATP5ME/NDUFB1/ATP5F1E/NDUFA4/NDUFA1/COX7B/COX6C/COX7A2/NDUFB3/ATP5MG/ATP5MF/COX5B/NDUFB2/COX7C/UQCRQ/ATP6V1C2/NDUFA2/NDUFA12/NDUFB7/ATP5MC2/UQCRB/NDUFA6/COX6B1/ATP5PF/NDUFC1/NDUFA13/NDUFS4/UQCR11/NDUFB6/NDUFS5/NDUFB4/NDUFA3/NDUFA11/COX6A1/UQCRHL/UQCR10/UQCRH/NDUFB11/ATP6V0A2/COX8A/ATP5MC1/ATP5PD/ATP5PO/NDUFAB1/NDUFS6/COX4I1/NDUFB8/NDUFB9/ATP6V0E1/NDUFC2/ATP5MC3/ATP6V0B/NDUFB5/LHPP/ATP6V1G1/NDUFA5/COX7A2L/ATP6V1F/NDUFV2/NDUFS8"
"hsa00310","Lysine degradation",57,-0.296252103004084,-1.18811445370772,0.202218124888709,0.484728740542052,0.377202539459588,4974,"tags=46%, list=28%, signal=33%","HADHA/SUV39H2/ALDH9A1/SETDB1/EZH1/DLD/PIPOX/COLGALT1/SETD2/GCDH/NSD1/DLST/PLOD3/EZH2/SETD7/SETDB2/EHMT2/ALDH7A1/KMT5A/EHMT1/ALDH1B1/DOT1L/DHTKD1/NSD2/SUV39H1/PRDM16"
"hsa05166","Human T-cell leukemia virus 1 infection",195,0.441959338978347,1.11316118419113,0.203796203796204,0.484945711223083,0.377371380060585,2720,"tags=20%, list=16%, signal=17%","TGFBR2/HLA-DQA1/HLA-DQA2/SPI1/HLA-DQB2/EGR2/IL1R2/HLA-DRB5/CCND2/LCK/TBPL2/PRKACG/HLA-DQB1/FOS/HLA-G/HLA-F/HLA-DRB1/PPP3CA/HLA-DRA/TNF/ICAM1/STAT5A/ITGAL/CDKN1A/PIK3R1/HLA-C/HLA-B/HLA-DMB/CREB5/ZFP36/B2M/HLA-DMA/HLA-A/TGFB3/HLA-DPA1/JUN/EGR1/ITGB2/PIK3R3"
"hsa05135","Yersinia infection",123,0.45223728421371,1.13461363203008,0.216216216216216,0.510771641206424,0.397468406621725,2506,"tags=18%, list=14%, signal=15%","IL1B/CASP1/FYB1/ELMO1/LCP2/NLRP3/CCL2/FCGR2A/VAV3/LCK/FN1/FOS/MAP2K6/TNF/ZAP70/RAC2/PIK3R1/CD8B2/VAV1/JUN/WAS/MYD88"
"hsa00620","Pyruvate metabolism",34,-0.303167760604446,-1.15225894583428,0.218186500194786,0.511717978874102,0.398204820499382,2757,"tags=29%, list=16%, signal=25%","DLAT/PKM/ME2/ALDH7A1/ACACA/ALDH1B1/ACACB/PCK2/ACSS1/PC"
"hsa04973","Carbohydrate digestion and absorption",29,0.521698055357436,1.19311336297141,0.223322332233223,0.516333902893836,0.401796805287098,2720,"tags=34%, list=16%, signal=29%","PRKCB/HK3/PLCB2/SLC2A2/ATP1B2/ATP1A2/ATP1A4/PIK3R1/CACNA1D/PIK3R3"
"hsa04911","Insulin secretion",57,0.481103313860635,1.16818426762917,0.223251028806584,0.516333902893836,0.401796805287098,1522,"tags=19%, list=9%, signal=18%","PRKCB/PLCB2/SLC2A2/RIMS2/PRKACG/ATP1B2/CACNA1C/KCNMB4/ATP1A2/ATP1A4/CAMK2D"
"hsa00512","Mucin type O-glycan biosynthesis",23,0.542336724467664,1.20849225161938,0.227790432801822,0.521893388715819,0.40612304385054,2014,"tags=22%, list=12%, signal=19%","ST6GALNAC1/GALNT3/ST3GAL1/GALNT7/ST6GALNAC2"
"hsa04970","Salivary secretion",48,0.489879128164721,1.18320003513979,0.230529595015576,0.521893388715819,0.40612304385054,1899,"tags=23%, list=11%, signal=20%","PRKCB/LYZ/ATP2B3/PLCB2/PRKACG/ATP1B2/ATP1A2/ATP1A4/PRKG1/PRKG2/ATP2B1"
"hsa04724","Glutamatergic synapse",79,0.465108650698574,1.14768084015835,0.23030303030303,0.521893388715819,0.40612304385054,1225,"tags=16%, list=7%, signal=15%","PRKCB/PLCB2/GRIK2/GLUL/PRKACG/PLD1/GNAI1/PLA2G4A/SLC1A3/CACNA1C/PPP3CA/DLGAP1/GNG2"
"hsa04926","Relaxin signaling pathway",104,0.452038609592718,1.12914638885845,0.232931726907631,0.523374149659864,0.407275331185106,2856,"tags=21%, list=16%, signal=18%","TGFBR2/MMP2/EDN1/COL1A2/PLCB2/EDNRB/COL3A1/PRKACG/GNAI1/FOS/GNG2/SHC3/GNG11/MMP13/PIK3R1/ACTA2/CREB5/JUN/GNB4/GNGT2/PIK3R3/GNA15"
"hsa05203","Viral carcinogenesis",184,0.437027830709169,1.10061414748546,0.236,0.523374149659864,0.407275331185106,3392,"tags=27%, list=19%, signal=22%","CCR5/IRF7/CDK6/EGR2/CCND2/TBPL2/PRKACG/H4C13/SYK/HLA-G/HLA-F/H4C9/H4C2/H2BC3/H4C1/HPN/H2BC17/EGR3/H4C12/STAT5A/H2BC14/H4C11/H2BC18/CDKN1A/H4C5/PIK3R1/H2BC15/HLA-C/HLA-B/CREB5/H2BC4/H2BC7/HLA-A/H2BC13/JUN/H4C8/H2BC6/H2BC21/C3/PIK3R3/GSN/H4C16/H2BC11/H4C14/H4C15/H4C4/MAPKAPK2/PMAIP1/H2BC5/TBPL1"
"hsa04922","Glucagon signaling pathway",80,-0.24840745153281,-1.08308600985286,0.235030881872242,0.523374149659864,0.407275331185106,3025,"tags=31%, list=17%, signal=26%","PDE3B/PFKL/CAMK2B/AKT1/PKM/PHKB/PLCB3/PHKA2/PFKP/PFKM/PYGL/CPT1C/PPARA/ACACA/ACACB/PYGB/GYS1/PHKA1/CPT1A/AKT3/PCK2/PRKAG2/ITPR3/CREB3L1/CREB3L3"
"hsa05031","Amphetamine addiction",47,0.486146362885666,1.17468396392329,0.23883696780893,0.52608683449805,0.4093862677237,2505,"tags=26%, list=14%, signal=22%","PRKCB/DDC/FOSB/PRKACG/FOS/CACNA1C/PPP3CA/CAMK2D/CREB5/JUN/CACNA1D/GRIN2C"
"hsa04971","Gastric acid secretion",47,0.485397856597248,1.17287533508016,0.240913811007269,0.527100016029327,0.410174697652786,1522,"tags=19%, list=9%, signal=18%","PRKCB/PLCB2/PRKACG/GNAI1/ATP1B2/ATP1A2/KCNJ10/ATP1A4/CAMK2D"
"hsa05214","Glioma",66,0.469236535858277,1.1499581189843,0.243161094224924,0.528470111448835,0.411240868127766,2248,"tags=17%, list=13%, signal=15%","PRKCB/GADD45G/CDK6/IGF1/SHC3/TGFA/CAMK2D/PDGFRA/CDKN1A/PIK3R1/GADD45B"
"hsa05200","Pathways in cancer",413,0.41747532245609,1.06377292051832,0.248751248751249,0.537039119820577,0.417909034151627,2416,"tags=15%, list=14%, signal=13%","TGFBR2/MMP2/CSF1R/PRKCB/SPI1/LAMB4/PTGS2/EDN1/CTNNA3/GADD45G/GSTA1/RUNX1T1/PLCB2/LPAR1/CSF2RB/HEYL/CDK6/BMP2/LPAR5/EDNRB/CXCR4/LEF1/LAMC2/CCND2/FN1/IGF1/PRKACG/PLD1/GNAI1/FOS/RASGRP1/PTGER4/EGLN3/HEY1/GNG2/HGF/RET/BDKRB2/RARB/LPAR6/HES1/RASGRP3/ITGA2/TGFA/CAMK2D/GSTM5/PDGFRA/STAT5A/WNT11/GNG11/RAC2/CDKN1A/PIK3R1/ITGA6/MITF/FZD8/TGFB3/GADD45B/IL6R/IGF2/JUN/GNB4"
"hsa03273","Virion - Lassa virus and SFTS virus",14,0.58903133955467,1.20315921285943,0.25375,0.544218938955781,0.423496171418609,1107,"tags=21%, list=6%, signal=20%","PCDH7/CLEC4M/CD209"
"hsa05223","Non-small cell lung cancer",67,0.464609153478135,1.13778941091029,0.257085020242915,0.544218938955781,0.423496171418609,2248,"tags=16%, list=13%, signal=14%","PRKCB/GADD45G/CDK6/HGF/RET/RARB/TGFA/STAT5A/CDKN1A/PIK3R1/GADD45B"
"hsa05212","Pancreatic cancer",73,0.463152436369541,1.13702596508932,0.256825075834176,0.544218938955781,0.423496171418609,2248,"tags=15%, list=13%, signal=13%","TGFBR2/GADD45G/CDK6/PLD1/TGFA/ARHGEF6/RAC2/CDKN1A/PIK3R1/TGFB3/GADD45B"
"hsa01212","Fatty acid metabolism",50,-0.280139746926331,-1.10740780427915,0.258936613273276,0.544602167271535,0.42379438912638,2440,"tags=24%, list=14%, signal=21%","HACD2/FASN/CPT1C/HACD1/ACADSB/CPT2/ACSF3/ACSL4/ACACA/ACSL1/CPT1A/ELOVL2"
"hsa00532","Glycosaminoglycan biosynthesis - chondroitin sulfate / dermatan sulfate",20,0.539042370836442,1.17447984050735,0.266355140186916,0.552308652030837,0.429791363059192,2151,"tags=20%, list=12%, signal=18%","XYLT1/UST/DSE/DSEL"
"hsa02010","ABC transporters",32,0.501181157633985,1.16994062430715,0.266953713670614,0.552308652030837,0.429791363059192,2539,"tags=25%, list=15%, signal=21%","ABCA6/ABCD2/ABCB1/ABCG8/ABCA5/ABCA9/ABCA8/ABCG2"
"hsa05230","Central carbon metabolism in cancer",59,-0.270637216822665,-1.12172814307236,0.267683334419854,0.552308652030837,0.429791363059192,2633,"tags=34%, list=15%, signal=29%","AKT1/PIK3CB/ERBB2/PKM/MAP2K2/PFKP/PFKM/EGFR/SLC16A3/MTOR/G6PD/HK1/SLC1A5/FGFR2/HIF1A/SLC7A5/AKT3/PIK3CD/HK2/HKDC1"
"hsa05020","Prion disease",225,0.425721724749732,1.07582512444654,0.272727272727273,0.55917667238422,0.435135867112034,5100,"tags=38%, list=29%, signal=27%","IL1B/CYBB/NCF4/C1QB/HSPA6/HSPA1L/TUBA4A/C1QA/TUBA3C/PRKACG/C6/HSPA1A/CACNA1C/PPP3CA/TNF/NDUFA4L2/HSPA1B/RAC2/NCF2/PIK3R1/CREB5/IL1A/DDIT3/CACNA1D/NDUFB1/ATP5F1E/GRIN2C/NDUFA4/EGR1/NDUFA1/COX7B/TUBB3/PIK3R3/COX6C/COX7A2/CCL5/NDUFB3/COX5B/NDUFB2/COX7C/KIF5A/UQCRQ/NDUFA2/TUBB8/NDUFA12/NDUFB7/ATP5MC2/SEM1/UQCRB/NDUFA6/PIK3R2/CREB3L2/COX6B1/ATP5PF/NDUFC1/NDUFA13/NDUFS4/UQCR11/NDUFB6/NDUFS5/NDUFB4/NDUFA3/NDUFA11/HSPA5/TUBA1A/PSMA6/COX6A1/UQCRHL/UQCR10/FYN/UQCRH/NDUFB11/PPP3CB/COX8A/TUBA3D/ATP5MC1/KLC3/RYR3/CYBA/ITPR2/PSMA5/ATP5PD/ATP5PO/NDUFAB1/NDUFS6/COX4I1"
"hsa05415","Diabetic cardiomyopathy",165,0.430395427050287,1.08194845184584,0.281718281718282,0.574000999000999,0.446671749303328,4121,"tags=30%, list=24%, signal=23%","TGFBR2/MMP2/CYBB/PRKCB/NCF4/COL1A2/PLCB2/CD36/COL3A1/CAMK2D/NDUFA4L2/PDK2/ATP2A3/RAC2/NCF2/PIK3R1/TGFB3/NDUFB1/ATP5F1E/NDUFA4/NDUFA1/COX7B/PIK3R3/COX6C/COX7A2/NDUFB3/COX5B/NDUFB2/COX7C/UQCRQ/NDUFA2/NDUFA12/MPC1/NDUFB7/ATP5MC2/UQCRB/NDUFA6/PIK3R2/COX6B1/TGFB2/ATP5PF/NDUFC1/NDUFA13/NDUFS4/UQCR11/NDUFB6/NDUFS5/NDUFB4/NDUFA3/NDUFA11"
"hsa04625","C-type lectin receptor signaling pathway",85,0.445613795978709,1.10143000896313,0.289180990899899,0.585546602691721,0.455656219724587,1546,"tags=14%, list=9%, signal=13%","IL1B/CASP1/PTGS2/CLEC4M/LSP1/NLRP3/EGR2/SYK/CD209/PPP3CA/TNF/EGR3"
"hsa05412","Arrhythmogenic right ventricular cardiomyopathy",63,0.45660791211509,1.1168881106305,0.30253807106599,0.59792663476874,0.46529001930664,2928,"tags=30%, list=17%, signal=25%","DSC2/CTNNA3/CDH2/LEF1/ACTN3/GJA1/DMD/ITGB8/CACNA1C/ITGA1/ITGA11/ITGA2/ATP2A3/ITGA6/SGCA/CACNA1D/SGCE/ITGB4/ITGA9"
"hsa04657","IL-17 signaling pathway",70,0.450446470178201,1.10492171090973,0.302631578947368,0.59792663476874,0.46529001930664,2389,"tags=17%, list=14%, signal=15%","IL1B/PTGS2/CCL2/S100A9/FOSB/FOS/TNF/LCN2/MAPK4/MMP13/TNFAIP3/JUN"
"hsa00380","Tryptophan metabolism",29,-0.316697215906035,-1.10088132624558,0.301075268817204,0.59792663476874,0.46529001930664,1900,"tags=24%, list=11%, signal=22%","ALDH7A1/MAOA/ALDH1B1/DHTKD1/AOX1/IL4I1/CYP1A1"
"hsa04151","PI3K-Akt signaling pathway",255,0.418816259052974,1.06267536632025,0.298701298701299,0.59792663476874,0.46529001930664,2777,"tags=18%, list=16%, signal=15%","CSF1R/LAMB4/GDNF/COL1A2/TLR2/LPAR1/ANGPT2/CDK6/LPAR5/TNC/PIK3R5/LAMC2/CCND2/FN1/IGF1/SYK/ITGB8/VTN/NR4A1/ITGA1/SPP1/GNG2/HGF/RET/ITGA11/LPAR6/PIK3CG/ITGA2/TGFA/PDGFRA/GNG11/CDKN1A/PIK3R1/ITGA6/EFNA1/CREB5/IL6R/DDIT4/IGF2/GNB4/COL9A2/GNGT2/PIK3R3/ITGB4/FGF22"
"hsa04010","MAPK signaling pathway",245,0.419333459623908,1.0625643980213,0.304695304695305,0.59837752608837,0.465640890498215,2536,"tags=17%, list=15%, signal=15%","TGFBR2/IL1B/CSF1R/PRKCB/MEF2C/GDNF/DUSP10/HSPA6/GADD45G/ANGPT2/HSPA1L/IGF1/PRKACG/FOS/PLA2G4A/MAP2K6/HSPA1A/RASGRP1/NR4A1/CACNA1C/PPP3CA/HGF/DUSP6/RET/TNF/RASGRP3/TGFA/PTPN7/PDGFRA/HSPA1B/RAC2/DUSP1/EFNA1/TGFB3/GADD45B/IGF2/IL1A/JUN/DDIT3/CACNA1D/MYD88/MAP3K8"
"hsa04979","Cholesterol metabolism",33,0.480613264790258,1.12416621861363,0.318574514038877,0.621887973513017,0.48393607238178,1833,"tags=21%, list=10%, signal=19%","LPL/APOB/CD36/APOE/ABCG8/STAR/MYLIP"
"hsa05216","Thyroid cancer",35,0.480088087615045,1.12661577130356,0.323243243243243,0.627245817245817,0.488105398631714,2922,"tags=17%, list=17%, signal=14%","GADD45G/LEF1/RET/CDKN1A/GADD45B/CDH1"
"hsa00130","Ubiquinone and other terpenoid-quinone biosynthesis",11,-0.405636128750015,-1.10918517440111,0.326359832635983,0.629546186031542,0.489895482187929,5123,"tags=45%, list=29%, signal=32%","COQ5/COQ6/VKORC1L1/HPD/NQO1"
"hsa05205","Proteoglycans in cancer",172,0.422783189619158,1.06416727825156,0.330669330669331,0.634107069401187,0.493444635859497,2130,"tags=15%, list=12%, signal=13%","TIMP3/MMP2/PRKCB/COL1A2/TLR2/HCLS1/VAV3/GPC3/FN1/IGF1/PRKACG/LUM/VTN/DCN/GAB1/PTPN6/HGF/TNF/ITGA2/CAMK2D/WNT11/CDKN1A/PIK3R1/VAV1/FZD8"
"hsa00513","Various types of N-glycan biosynthesis",39,0.468558155284176,1.1112790910689,0.346112886048988,0.647359963269054,0.503757672417959,52,"tags=5%, list=0%, signal=5%","MAN1A1/TUSC3"
"hsa04927","Cortisol synthesis and secretion",46,0.455739639067357,1.10050752488087,0.345473465140479,0.647359963269054,0.503757672417959,2400,"tags=24%, list=14%, signal=21%","HSD3B1/PLCB2/CYP17A1/PRKACG/NR4A1/CACNA1C/NR5A1/KCNK3/STAR/CREB5/CACNA1D"
"hsa05235","PD-L1 expression and PD-1 checkpoint pathway in cancer",75,0.436909160004836,1.076981843351,0.34949494949495,0.647359963269054,0.503757672417959,2720,"tags=19%, list=16%, signal=16%","TLR2/BATF/LCK/FOS/MAP2K6/RASGRP1/PPP3CA/PTPN6/ZAP70/CD28/PIK3R1/JUN/MYD88/PIK3R3"
"hsa04020","Calcium signaling pathway",154,0.421326124732463,1.05992885874333,0.347652347652348,0.647359963269054,0.503757672417959,2959,"tags=22%, list=17%, signal=18%","PRKCB/CYSLTR1/CYSLTR2/GDNF/ATP2B3/PLCB2/PLCD4/EDNRB/PDE1B/CXCR4/P2RX1/PDE1A/PRKACG/P2RX7/CACNA1C/PPP3CA/HGF/RET/BDKRB2/TGFA/CAMK2D/PDGFRA/ATP2A3/ATP2B1/ITPKB/TNNC1/TNNC2/CACNA1D/MYLK4/GRIN2C/MST1R/FGF22/GNA15/FGF5"
"hsa05163","Human cytomegalovirus infection",183,0.418972243646764,1.05502327109024,0.345,0.647359963269054,0.503757672417959,2269,"tags=16%, list=13%, signal=14%","IL1B/PRKCB/PTGS2/CCR5/PLCB2/CDK6/CCL2/CXCR4/PRKACG/GNAI1/MAP2K6/HLA-G/HLA-F/PTGER4/PPP3CA/GNG2/TNF/PDGFRA/GNG11/RAC2/CDKN1A/PIK3R1/CX3CL1/HLA-C/HLA-B/CREB5/B2M/HLA-A/IL6R"
"hsa03020","RNA polymerase",33,-0.281227583777717,-1.05000076042756,0.342105263157895,0.647359963269054,0.503757672417959,4225,"tags=58%, list=24%, signal=44%","POLR2E/POLR3C/POLR3E/POLR1F/POLR1C/POLR3F/CRCP/POLR3H/POLR2M/POLR3B/POLR2D/POLR1G/POLR1A/POLR2A/POLR2B/POLR1E/POLR3G/POLR3A/POLR1B"
"hsa04917","Prolactin signaling pathway",57,0.450227488596597,1.09321356531976,0.352880658436214,0.64993838785427,0.505764131329929,2907,"tags=21%, list=17%, signal=18%","SLC2A2/CYP17A1/CCND2/FOS/SHC3/SOCS1/STAT5A/PIK3R1/IRF1/PIK3R3/ESR2/SOCS3"
"hsa03320","PPAR signaling pathway",51,0.452761626606673,1.09684729379872,0.362033195020747,0.66304955942002,0.515966883500887,1556,"tags=14%, list=9%, signal=13%","HMGCS2/GK2/LPL/ACADL/CD36/ME3/ACSL5"
"hsa04072","Phospholipase D signaling pathway",110,0.425067097902101,1.06263434346522,0.377131394182548,0.686842650857601,0.534482011161388,1560,"tags=14%, list=9%, signal=12%","PLCB2/LPAR1/LPAR5/DGKB/CYTH4/PIK3R5/PLD1/DNM3/SYK/PLA2G4A/GAB1/SHC3/LPAR6/PIK3CG/PDGFRA"
"hsa04723","Retrograde endocannabinoid signaling",96,0.424484866183992,1.056138669453,0.37941473259334,0.687162237919049,0.534730704999971,5401,"tags=45%, list=31%, signal=31%","PRKCB/PTGS2/PLCB2/PRKACG/GNAI1/CACNA1C/GNG2/NDUFA4L2/GNG11/CACNA1D/GNB4/NDUFB1/NDUFA4/NDUFA1/GNGT2/NDUFB3/NDUFB2/FAAH/NDUFA2/NDUFA12/NDUFB7/NDUFA6/NDUFC1/NDUFA13/NDUFS4/GNGT1/NDUFB6/NDUFS5/NDUFB4/NDUFA3/NDUFA11/PLCB1/GNAI2/NDUFB11/GNG5/ITPR2/NDUFAB1/NDUFS6/KCNJ3/GNAQ/NDUFB8/GNAO1/NDUFB9"
"hsa04310","Wnt signaling pathway",136,0.420488791870208,1.05512191640731,0.383,0.68982320441989,0.53680139575458,2689,"tags=18%, list=15%, signal=15%","DKK4/PRKCB/TLE4/SFRP1/PLCB2/VANGL2/FRZB/GPC4/LEF1/TBL1Y/CCND2/PRKACG/PPP3CA/CAMK2D/WNT11/BAMBI/RAC2/FZD8/MCC/CSNK1A1L/JUN/TLE2/WNT4/WNT10A"
"hsa05206","MicroRNAs in cancer",147,0.415317635944836,1.04423389916688,0.393,0.703945054945055,0.547790630422209,2380,"tags=13%, list=14%, signal=11%","TIMP3/PRKCB/PTGS2/ZEB2/HMGA2/ABCB1/CDK6/TNC/MARCKS/CCND2/FOXP1/SOCS1/PDGFRA/SOX4/CDKN1A/PIK3R1/EFNA1/DDIT4/BMF"
"hsa04660","T cell receptor signaling pathway",96,0.420871722272278,1.04714899441991,0.400605449041372,0.713646865505396,0.555340311872136,2720,"tags=19%, list=16%, signal=16%","PTPRC/LCP2/VAV3/LCK/FOS/RASGRP1/PPP3CA/PTPN6/TNF/ZAP70/CD28/CARD11/PIK3R1/CD8B2/VAV1/JUN/MAP3K8/PIK3R3"
"hsa04014","Ras signaling pathway",173,0.411468062791619,1.03637196230739,0.404595404595405,0.716837510315771,0.557823183681307,3168,"tags=20%, list=18%, signal=16%","CSF1R/PRKCB/PLA2G2A/ANGPT2/IGF1/PRKACG/PLD1/RAPGEF5/RASAL3/PLA2G4A/RASGRP1/GAB1/GNG2/HGF/SHC3/RASGRP3/TGFA/ZAP70/RGL1/PDGFRA/GNG11/RAC2/PIK3R1/EFNA1/IGF2/GNB4/PLA2G1B/GNGT2/PIK3R3/FGF22/FGF5/ETS2/BDNF/FGFR1"
"hsa04392","Hippo signaling pathway - multiple species",25,-0.328523780357857,-1.05907290371256,0.410714285714286,0.723745173745174,0.563198536882747,4692,"tags=64%, list=27%, signal=47%","RASSF4/MOB1B/PAK1/WTIP/AJUBA/MOB1A/TEAD1/LIMD1/RASSF2/TEAD3/WWTR1/SAV1/TEAD4/WWC1/FRMD6/NF2"
"hsa00533","Glycosaminoglycan biosynthesis - keratan sulfate",13,0.532269099569914,1.07930249916607,0.419799498746867,0.72409860630412,0.563473568354191,1094,"tags=15%, list=6%, signal=14%","ST3GAL1/B3GNT7"
"hsa04918","Thyroid hormone synthesis",54,0.438363346189853,1.06149032211667,0.416322314049587,0.72409860630412,0.563473568354191,1415,"tags=17%, list=8%, signal=15%","PRKCB/PLCB2/GPX7/PRKACG/ATP1B2/GPX3/ATP1A2/DUOX1/ATP1A4"
"hsa04916","Melanogenesis",74,0.426784793838683,1.0494510718837,0.413373860182371,0.72409860630412,0.563473568354191,2689,"tags=18%, list=15%, signal=15%","PRKCB/EDN1/PLCB2/EDNRB/LEF1/PRKACG/GNAI1/CAMK2D/WNT11/MITF/FZD8/WNT4/WNT10A"
"hsa04710","Circadian rhythm",30,-0.288158461769895,-0.991643914943986,0.419753086419753,0.72409860630412,0.563473568354191,3319,"tags=40%, list=19%, signal=32%","PRKAA2/PER2/CUL1/FBXW11/DBP/BTRC/CRY1/BMAL1/NR1D1/NR1D2/PER3/PRKAG2"
"hsa00983","Drug metabolism - other enzymes",49,0.431785544117235,1.04495245901307,0.439252336448598,0.753101993166593,0.586043204240068,1539,"tags=10%, list=9%, signal=9%","CYP2A6/GSTA1/CYP3A4/XDH/GSTM5"
"hsa00280","Valine, leucine and isoleucine degradation",44,-0.249261351823004,-0.991595392718015,0.441234603358341,0.753101993166593,0.586043204240068,2188,"tags=23%, list=13%, signal=20%","DBT/IVD/ALDH7A1/MCCC2/ACADSB/ACSF3/ALDH6A1/ALDH1B1/AOX1/IL4I1"
"hsa00900","Terpenoid backbone biosynthesis",21,0.478229570075296,1.04850938265573,0.453287197231834,0.758762322015334,0.590447916066179,75,"tags=5%, list=0%, signal=5%","HMGCS2"
"hsa04929","GnRH secretion",48,0.429449884285294,1.03724590202643,0.456905503634476,0.758762322015334,0.590447916066179,2745,"tags=23%, list=16%, signal=19%","PRKCB/PLCB2/HCN1/CACNA1C/SPP1/PIK3R1/CACNA1D/GABBR1/GPER1/PIK3R3/ESR2"
"hsa05217","Basal cell carcinoma",50,0.427939199598841,1.03621555045793,0.460020768431983,0.758762322015334,0.590447916066179,3305,"tags=24%, list=19%, signal=20%","GADD45G/BMP2/LEF1/WNT11/CDKN1A/FZD8/GADD45B/WNT4/WNT10A/GLI1/GLI3/WNT7B"
"hsa00500","Starch and sucrose metabolism",20,-0.333843888257555,-1.02879760265827,0.452054794520548,0.758762322015334,0.590447916066179,2771,"tags=40%, list=16%, signal=34%","PGM2/GAA/PYGL/HK1/PYGB/GYS1/HK2/HKDC1"
"hsa05226","Gastric cancer",117,0.409965756493327,1.02666758550951,0.458375125376128,0.758762322015334,0.590447916066179,2959,"tags=19%, list=17%, signal=16%","TGFBR2/CTNNA3/GADD45G/ABCB1/LEF1/GAB1/HGF/RARB/SHC3/WNT11/CDKN1A/PIK3R1/FZD8/TGFB3/GADD45B/CSNK1A1L/WNT4/WNT10A/PIK3R3/FGF22/CDH1/FGF5"
"hsa04936","Alcoholic liver disease",104,0.409873749286769,1.02382286396291,0.460843373493976,0.758762322015334,0.590447916066179,1463,"tags=10%, list=8%, signal=9%","IL1B/C4B/C1QB/C3AR1/C1QA/LEF1/C4A/MAP2K6/TNF/ALDH2"
"hsa04666","Fc gamma R-mediated phagocytosis",83,0.414644929852983,1.0234068483191,0.446916076845298,0.758762322015334,0.590447916066179,1980,"tags=16%, list=11%, signal=14%","PRKCB/PTPRC/HCK/MARCKS/FCGR2A/VAV3/PLD1/SYK/PLA2G4A/INPP5D/RAC2/PIK3R1/VAV1"
"hsa00030","Pentose phosphate pathway",26,-0.298705357355639,-0.969657443831452,0.475247524752475,0.778546196328175,0.60584318151466,3307,"tags=46%, list=19%, signal=37%","GPI/PGD/PFKL/RPIA/PGM2/PRPS2/PFKP/PFKM/TKT/H6PD/SHPK/G6PD"
"hsa04923","Regulation of lipolysis in adipocytes",37,0.436346975870095,1.02884984908287,0.487124463519313,0.794012875536481,0.617878924779761,1883,"tags=19%, list=11%, signal=17%","PTGS2/PRKACG/GNAI1/PTGS1/PRKG1/PRKG2/PIK3R1"
"hsa04977","Vitamin digestion and absorption",14,0.500424858516512,1.02217104326439,0.4975,0.803554414018808,0.625303886918091,3354,"tags=29%, list=19%, signal=23%","APOB/RBP2/PLB1/SLC19A2"
"hsa00730","Thiamine metabolism",11,-0.348946663866501,-0.954171580845499,0.497907949790795,0.803554414018808,0.625303886918091,4004,"tags=36%, list=23%, signal=28%","AK2/AK7/NFS1/AK5"
"hsa05410","Hypertrophic cardiomyopathy",67,0.409682706745947,1.00327908324462,0.504048582995951,0.809457330328474,0.629897373616927,2928,"tags=28%, list=17%, signal=24%","EDN1/ACTC1/IGF1/DMD/ITGB8/CACNA1C/ITGA1/ITGA11/TNF/ITGA2/ATP2A3/ITGA6/SGCA/TNNC1/TGFB3/CACNA1D/SGCE/ITGB4/ITGA9"
"hsa04136","Autophagy - other",31,-0.275467770109133,-0.957331231503977,0.506849315068493,0.80996508192318,0.63029249190664,6055,"tags=55%, list=35%, signal=36%","ULK2/ATG4C/PPP2CA/MLST8/WIPI2/ATG4B/ATG16L1/ATG4D/ATG9A/RPTOR/ATG9B/PIK3C3/ATG2B/ATG13/PIK3R4/MTOR/ATG7"
"hsa04935","Growth hormone synthesis, secretion and action",98,0.401211255971995,1.00069924831621,0.51307847082495,0.815919909702115,0.634926374679399,2907,"tags=19%, list=17%, signal=16%","PRKCB/SSTR3/PLCB2/IGF1/PRKACG/GNAI1/FOS/MAP2K6/CACNA1C/MRAP2/SHC3/SOCS1/STAT5A/PIK3R1/CREB5/CACNA1D/JUNB/PIK3R3/SOCS3"
"hsa05210","Colorectal cancer",84,0.40140064792713,0.991306783850518,0.517694641051567,0.819264334868014,0.637528914120734,2720,"tags=14%, list=16%, signal=12%","TGFBR2/GADD45G/LEF1/FOS/TGFA/RAC2/CDKN1A/PIK3R1/TGFB3/GADD45B/JUN/PIK3R3"
"hsa05225","Hepatocellular carcinoma",149,0.395799944525254,0.995323432506935,0.528,0.819657142857143,0.637834586466166,2720,"tags=16%, list=16%, signal=14%","TGFBR2/PRKCB/GADD45G/ARID1B/GSTA1/CDK6/LEF1/GAB1/HGF/SHC3/TGFA/GSTM5/WNT11/CDKN1A/PIK3R1/FZD8/TGFB3/GADD45B/CSNK1A1L/IGF2/SMARCA2/WNT4/WNT10A/PIK3R3"
"hsa05224","Breast cancer",116,0.395641147748358,0.991597375551703,0.525576730190572,0.819657142857143,0.637834586466166,3461,"tags=22%, list=20%, signal=17%","GADD45G/HEYL/CDK6/LEF1/IGF1/FOS/HEY1/SHC3/HES1/WNT11/CDKN1A/PIK3R1/FZD8/GADD45B/CSNK1A1L/JUN/WNT4/WNT10A/PIK3R3/ESR2/FGF22/FGF5/FGFR1/WNT7B/NOTCH4"
"hsa05222","Small cell lung cancer",83,0.400295271816167,0.987989706449983,0.525783619817998,0.819657142857143,0.637834586466166,2248,"tags=14%, list=13%, signal=13%","LAMB4/PTGS2/GADD45G/CDK6/LAMC2/FN1/RARB/ITGA2/CDKN1A/PIK3R1/ITGA6/GADD45B"
"hsa00531","Glycosaminoglycan degradation",16,-0.328484141813318,-0.955510858152014,0.524861878453039,0.819657142857143,0.637834586466166,1325,"tags=50%, list=8%, signal=46%","ARSB/SGSH/HYAL3/GALNS/GNS/GLB1/HYAL1/HPSE"
"hsa00350","Tyrosine metabolism",19,0.457956126586572,0.99369807444543,0.534037558685446,0.825100683087466,0.642070599367386,1677,"tags=21%, list=10%, signal=19%","DDC/ALDH3B2/DBH/ALDH3A1"
"hsa01523","Antifolate resistance",28,0.434732221673072,0.992843481638197,0.543046357615894,0.827257535433558,0.643749002387754,1444,"tags=14%, list=8%, signal=13%","IL1B/FOLR2/FOLR1/TNF"
"hsa00230","Purine metabolism",101,0.39511004370166,0.98695764179689,0.541708542713568,0.827257535433558,0.643749002387754,2514,"tags=15%, list=14%, signal=13%","PDE4B/PDE7B/ENPP4/PDE1B/XDH/PDE1A/ENTPD8/GDA/PDE2A/PRPS1L1/ADA2/ENTPD1/ENPP1/PDE6B/PDE4D"
"hsa04330","Notch signaling pathway",56,0.405841151400621,0.983440566188173,0.538779731127198,0.827257535433558,0.643749002387754,2470,"tags=14%, list=14%, signal=12%","TLE4/HEYL/ATXN1/HEY1/MAML3/HES1/DTX4/TLE2"
"hsa04930","Type II diabetes mellitus",37,0.415466552072207,0.979616504837945,0.555793991416309,0.838837227785726,0.652759999665353,2907,"tags=24%, list=17%, signal=20%","HK3/SLC2A2/CACNA1C/SOCS1/TNF/PIK3R1/CACNA1D/PIK3R3/SOCS3"
"hsa04668","TNF signaling pathway",105,0.39204984643677,0.979225876978973,0.555778894472362,0.838837227785726,0.652759999665353,2907,"tags=18%, list=17%, signal=15%","IL1B/MMP14/PTGS2/EDN1/CCL2/FOS/MAP2K6/TNF/ICAM1/PIK3R1/CX3CL1/CREB5/TNFAIP3/JUN/IRF1/MAP3K8/JUNB/PIK3R3/SOCS3"
"hsa01524","Platinum drug resistance",67,-0.23631491656854,-0.98882960819978,0.5610326790127,0.839868692604956,0.653562657144961,3507,"tags=31%, list=20%, signal=25%","POLH/FADD/BIRC3/PDPK1/CASP9/BIRC2/AKT1/PIK3CB/BCL2L1/ERBB2/GSTM2/MSH2/BIRC5/BRCA1/MSH6/AKT3/ATP7B/PIK3CD/TOP2A/MAP3K5/ABCC2"
"hsa05132","Salmonella infection",222,0.388214384254705,0.981020866769686,0.563436563436563,0.839868692604956,0.653562657144961,1502,"tags=9%, list=9%, signal=8%","IL1B/NCKAP1L/CASP1/ELMO1/PTPRC/TLR2/NLRP3/DYNLT3/RHOH/TUBA4A/LEF1/CYTH4/TUBA3C/FOS/MAP2K6/RHOJ/TNF/PIK3CG/RHOB"
"hsa05414","Dilated cardiomyopathy",69,0.396155334997255,0.972304107148865,0.564206268958544,0.839868692604956,0.653562657144961,2928,"tags=28%, list=17%, signal=23%","ACTC1/IGF1/PRKACG/DMD/ITGB8/CACNA1C/ITGA1/ITGA11/TNF/ITGA2/ATP2A3/ITGA6/SGCA/TNNC1/TGFB3/CACNA1D/SGCE/ITGB4/ITGA9"
"hsa04024","cAMP signaling pathway",140,0.388091757886674,0.975616610030896,0.573,0.845187347757558,0.657701487922414,2816,"tags=22%, list=16%, signal=19%","EDN1/PDE4B/ATP2B3/VAV3/ARAP3/PRKACG/PLD1/GNAI1/FOS/ATP1B2/SOX9/CACNA1C/POPDC3/HCAR2/ATP1A2/ATP1A4/CAMK2D/ATP2A3/RAC2/PIK3R1/ATP2B1/VAV1/CREB5/JUN/CACNA1D/GRIN2C/PDE4D/GABBR1/EDN2/PIK3R3/GLI1"
"hsa04921","Oxytocin signaling pathway",111,0.389793407290412,0.974551992687826,0.58074222668004,0.845187347757558,0.657701487922414,1522,"tags=14%, list=9%, signal=12%","PRKCB/MEF2C/PTGS2/TRPM2/PLCB2/RGS2/PIK3R5/PRKACG/GNAI1/FOS/PLA2G4A/CACNA1C/PPP3CA/PIK3CG/CAMK2D"
"hsa00480","Glutathione metabolism",47,0.40108965613298,0.969159954953168,0.578400830737279,0.845187347757558,0.657701487922414,1539,"tags=11%, list=9%, signal=10%","GSTA1/ANPEP/GPX7/GPX3/GSTM5"
"hsa05213","Endometrial cancer",56,0.399203692448373,0.967356572814112,0.571871768355739,0.845187347757558,0.657701487922414,2922,"tags=14%, list=17%, signal=12%","CTNNA3/GADD45G/LEF1/CDKN1A/PIK3R1/GADD45B/PIK3R3/CDH1"
"hsa00510","N-Glycan biosynthesis",51,0.393832168144041,0.954086482719835,0.577800829875519,0.845187347757558,0.657701487922414,52,"tags=4%, list=0%, signal=4%","MAN1A1/TUSC3"
"hsa00010","Glycolysis / Gluconeogenesis",48,0.398217500869588,0.961810646612698,0.584631360332295,0.847065882081458,0.659163311532552,1677,"tags=15%, list=10%, signal=13%","HK3/ALDOB/ALDH3B2/ENO3/PGK2/ALDH2/ALDH3A1"
"hsa04934","Cushing syndrome",119,0.383045487612921,0.96103654075163,0.601601601601602,0.863559984159772,0.671998566943833,2689,"tags=18%, list=15%, signal=15%","HSD3B1/PLCB2/CDK6/CYP17A1/LEF1/PRKACG/GNAI1/NR4A1/CACNA1C/NR5A1/KCNK3/STAR/CAMK2D/WNT11/CDKN1A/CREB5/FZD8/CACNA1D/WNT4/RASD1/WNT10A"
"hsa04210","Apoptosis",120,0.38175657905343,0.957730200719083,0.60960960960961,0.863559984159772,0.671998566943833,2392,"tags=13%, list=14%, signal=12%","CTSS/GADD45G/CSF2RB/BCL2A1/TUBA4A/CTSF/TUBA3C/FOS/TNF/CTSC/CTSO/PIK3R1/TNFSF10/GADD45B/JUN/DDIT3"
"hsa04728","Dopaminergic synapse",95,0.384576057123329,0.956911469117078,0.606243705941591,0.863559984159772,0.671998566943833,2416,"tags=15%, list=14%, signal=13%","PRKCB/PLCB2/DDC/PRKACG/GNAI1/FOS/CACNA1C/PPP3CA/GNG2/CAMK2D/GNG11/CREB5/CACNA1D/GNB4"
"hsa00564","Glycerophospholipid metabolism",80,0.385135055024459,0.950869545728044,0.616784630940344,0.863559984159772,0.671998566943833,1049,"tags=8%, list=6%, signal=7%","LPCAT2/PLA2G2A/DGKB/PLD1/PLD4/PLA2G4A"
"hsa04725","Cholinergic synapse",85,0.384497180656605,0.950367194549646,0.612740141557128,0.863559984159772,0.671998566943833,2720,"tags=21%, list=16%, signal=18%","PRKCB/CHRNA6/PLCB2/PIK3R5/PRKACG/GNAI1/FOS/CACNA1C/GNG2/PIK3CG/CAMK2D/GNG11/PIK3R1/CREB5/CACNA1D/GNB4/GNGT2/PIK3R3"
"hsa03250","Viral life cycle - HIV-1",60,0.387576739434301,0.943871709084222,0.608606557377049,0.863559984159772,0.671998566943833,2076,"tags=10%, list=12%, signal=9%","CCR5/CXCR4/MX2/MLLT3/BST2/APOBEC3G"
"hsa00360","Phenylalanine metabolism",12,0.46419938467482,0.923334461738396,0.603603603603604,0.863559984159772,0.671998566943833,1677,"tags=25%, list=10%, signal=23%","DDC/ALDH3B2/ALDH3A1"
"hsa04964","Proximal tubule bicarbonate reclamation",15,0.444383409306965,0.917355992663581,0.617206982543641,0.863559984159772,0.671998566943833,2433,"tags=27%, list=14%, signal=23%","ATP1B2/ATP1A2/ATP1A4/AQP1"
"hsa05220","Chronic myeloid leukemia",74,0.384133749969138,0.944573427806312,0.624113475177305,0.869491422682912,0.676614248842692,2248,"tags=12%, list=13%, signal=11%","TGFBR2/GADD45G/CDK6/SHC3/STAT5A/CDKN1A/PIK3R1/TGFB3/GADD45B"
"hsa00511","Other glycan degradation",17,-0.292021102807771,-0.863917380476865,0.631578947368421,0.876147816349384,0.681794070843402,1123,"tags=12%, list=6%, signal=11%","NEU4/NEU3"
"hsa05161","Hepatitis B",138,0.378195825558098,0.949340802537107,0.637,0.879923728813559,0.684732381801963,2506,"tags=14%, list=14%, signal=12%","TGFBR2/PRKCB/IRF7/TLR2/EGR2/FOS/MAP2K6/TNF/EGR3/SLC10A1/STAT5A/IFIH1/CDKN1A/PIK3R1/CREB5/TGFB3/JUN/RIGI/MYD88"
"hsa00051","Fructose and mannose metabolism",30,0.394757489510481,0.911649245888715,0.646036916395223,0.88863068163045,0.691507892389211,722,"tags=7%, list=4%, signal=6%","HK3/ALDOB"
"hsa00604","Glycosphingolipid biosynthesis - ganglio series",11,0.457206624591344,0.893523333348631,0.648754914809961,0.88863068163045,0.691507892389211,1402,"tags=18%, list=8%, signal=17%","ST3GAL1/ST3GAL5"
"hsa04510","Focal adhesion",166,0.373797792995013,0.93983058287002,0.678321678321678,0.916463701587668,0.71316678102237,1980,"tags=14%, list=11%, signal=12%","PRKCB/LAMB4/PARVG/COL1A2/TNC/VAV3/LAMC2/CCND2/FN1/IGF1/ITGB8/VTN/ITGA1/SPP1/HGF/ITGA11/SHC3/ITGA2/PDGFRA/RAC2/PIK3R1/ITGA6/VAV1"
"hsa05130","Pathogenic Escherichia coli infection",166,0.373024436746267,0.937886152304496,0.68031968031968,0.916463701587668,0.71316678102237,2000,"tags=11%, list=11%, signal=10%","IL1B/NCKAP1L/CASP1/LPAR1/LPAR5/NLRP3/TUBA4A/HCLS1/FCGR2A/CYTH4/TUBA3C/FOS/MYO1G/PTPN6/TNF/CLDN16/MYO1F/TNFSF10"
"hsa00561","Glycerolipid metabolism",47,0.375883141719159,0.908253013075501,0.674974039460021,0.916463701587668,0.71316678102237,1500,"tags=11%, list=9%, signal=10%","GK2/LPL/DGKB/ALDH2/CEL"
"hsa05030","Cocaine addiction",34,0.385858608510065,0.900413948480145,0.672826086956522,0.916463701587668,0.71316678102237,2505,"tags=21%, list=14%, signal=18%","DDC/FOSB/PRKACG/GNAI1/CREB5/JUN/GRIN2C"
"hsa04371","Apelin signaling pathway",107,0.367084512353469,0.916308703700869,0.689447236180905,0.92114671719252,0.71681097463157,2922,"tags=16%, list=17%, signal=13%","MEF2C/PLAT/PLCB2/PIK3R5/PRKACG/GNAI1/CCN2/SPP1/GNG2/PIK3CG/GNG11/ACTA2/GNB4/MYLK4/EGR1/GNGT2/CDH1"
"hsa00630","Glyoxylate and dicarboxylate metabolism",25,-0.260936706126047,-0.841190232077196,0.6875,0.92114671719252,0.71681097463157,2437,"tags=32%, list=14%, signal=28%","ACSS2/ACO1/SHMT2/SHMT1/ACO2/CS/ACSS1/GLDC"
"hsa04360","Axon guidance",158,0.365998685596872,0.920172185790631,0.707,0.931342859055013,0.72474533106961,2827,"tags=17%, list=16%, signal=14%","EPHA3/PLXNA4/NTN4/EPHA5/CXCR4/FES/EPHA7/GNAI1/LRRC4/SEMA6D/PPP3CA/SEMA4A/CAMK2D/PLXNC1/RAC2/PIK3R1/SEMA6A/EPHB1/EFNA1/BMPR1B/RND1/PLXNA2/EPHB6/WNT4/PARD6B/PIK3R3/NEO1"
"hsa04370","VEGF signaling pathway",51,0.365464455200886,0.885363677286528,0.70850622406639,0.931342859055013,0.72474533106961,1883,"tags=12%, list=11%, signal=11%","PRKCB/PTGS2/PLA2G4A/PPP3CA/RAC2/PIK3R1"
"hsa00520","Amino sugar and nucleotide sugar metabolism",35,0.371624191547257,0.872085115202418,0.704864864864865,0.931342859055013,0.72474533106961,237,"tags=6%, list=1%, signal=6%","HK3/RENBP"
"hsa00770","Pantothenate and CoA biosynthesis",15,-0.287792821359442,-0.836539042815656,0.7,0.931342859055013,0.72474533106961,1823,"tags=27%, list=10%, signal=24%","COASY/ALDH1B1/DPYD/UPB1"
"hsa04115","p53 signaling pathway",69,0.361826398711756,0.888048859785672,0.72093023255814,0.936347632724914,0.728639907932529,3372,"tags=16%, list=19%, signal=13%","GADD45G/CDK6/CCND2/IGF1/CDKN1A/SFN/GADD45B/TP53I3/THBS1/PMAIP1/CD82"
"hsa03050","Proteasome",43,0.360512930764209,0.863544251011753,0.715634837355719,0.936347632724914,0.728639907932529,5425,"tags=26%, list=31%, signal=18%","PSMB8/PSMB9/PSMB10/PSME2/SEM1/PSME1/POMP/PSMA6/PSMA5/PSMA2/PSMA4"
"hsa03272","Virion - Hepatitis viruses",34,-0.220746311396859,-0.838997232290867,0.719512195121951,0.936347632724914,0.728639907932529,3173,"tags=29%, list=18%, signal=24%","SCARB1/CLDN12/CLDN9/CHMP7/HSPG2/EGFR/CLDN3/CLDN7/CLDN5/CLDN11"
"hsa04932","Non-alcoholic fatty liver disease",134,0.35958531677424,0.901922573744221,0.734,0.945857583019514,0.736040289014216,5100,"tags=37%, list=29%, signal=27%","IL1B/FOS/TNF/NDUFA4L2/PIK3R1/IL6R/IL1A/JUN/DDIT3/NDUFB1/NDUFA4/NDUFA1/COX7B/PIK3R3/COX6C/SOCS3/COX7A2/NDUFB3/CXCL8/COX5B/NDUFB2/COX7C/UQCRQ/NDUFA2/NDUFA12/NDUFB7/UQCRB/NDUFA6/PIK3R2/COX6B1/NDUFC1/NDUFA13/NDUFS4/CDC42/UQCR11/NDUFB6/NDUFS5/NDUFB4/XBP1/NDUFA3/NDUFA11/COX6A1/UQCRHL/UQCR10/UQCRH/NDUFB11/COX8A/NDUFAB1/NDUFS6/COX4I1"
"hsa04350","TGF-beta signaling pathway",90,0.360578530357296,0.894571377408452,0.736683417085427,0.945857583019514,0.736040289014216,2246,"tags=17%, list=13%, signal=15%","TGFBR2/BMP2/INHBA/TF/DCN/IGSF1/TNF/BAMBI/GDF5/FBN1/ID2/BMP8A/BMPR1B/SMAD7/TGFB3"
"hsa00071","Fatty acid degradation",34,0.363287827858912,0.847744278092697,0.73695652173913,0.945857583019514,0.736040289014216,1556,"tags=9%, list=9%, signal=8%","ACADL/ALDH2/ACSL5"
"hsa04261","Adrenergic signaling in cardiomyocytes",109,0.356672407176094,0.890512260935232,0.751004016064257,0.960107095046854,0.747128866342563,2400,"tags=17%, list=14%, signal=15%","ATP2B3/PLCB2/PPP1R1A/ACTC1/PIK3R5/PRKACG/GNAI1/ATP1B2/CACNA1C/POPDC3/ATP1A2/ATP1A4/PIK3CG/CAMK2D/ATP2A3/ATP2B1/CREB5/TNNC1/CACNA1D"
"hsa00830","Retinol metabolism",24,0.359621468059787,0.804758869594015,0.757062146892655,0.96031007751938,0.747286821705426,462,"tags=8%, list=3%, signal=8%","CYP2A6/CYP3A4"
"hsa04981","Folate transport and metabolism",22,0.363232530962665,0.801305970200785,0.755733944954128,0.96031007751938,0.747286821705426,1376,"tags=14%, list=8%, signal=13%","FOLR2/SLCO2B1/FOLR1"
"hsa00515","Mannose type O-glycan biosynthesis",19,-0.242980243814669,-0.73827803412458,0.76,0.96031007751938,0.747286821705426,6578,"tags=58%, list=38%, signal=36%","B4GALT1/POMGNT2/POMK/POMGNT1/B4GALT2/B4GALT3/FKRP/FKTN/POMT1/MGAT5B/FUT4"
"hsa00910","Nitrogen metabolism",10,0.404434269463021,0.782115797563008,0.769333333333333,0.968350064350064,0.753543317753844,3308,"tags=40%, list=19%, signal=32%","GLUL/CA13/CA9/CA14"
"hsa00785","Lipoic acid metabolism",17,0.361556570836366,0.77032043614571,0.77496991576414,0.971693048227344,0.75614473562412,432,"tags=6%, list=2%, signal=6%","ACSM1"
"hsa05165","Human papillomavirus infection",274,0.361662899676084,0.918964373454847,0.781218781218781,0.972050849913445,0.756423167029836,2772,"tags=16%, list=16%, signal=13%","LAMB4/PTGS2/COL1A2/HEYL/CDK6/TNC/LAMC2/CCND2/ATP6V0A4/FN1/TBPL2/PRKACG/MX2/ITGB8/VTN/HLA-G/HLA-F/PTGER4/ITGA1/SPP1/HEY1/MAML3/ITGA11/HES1/TNF/ITGA2/WNT11/CDKN1A/PIK3R1/ITGA6/HLA-C/HLA-B/CREB5/FZD8/HLA-A/CSNK1A1L/COL9A2/IRF1/WNT4/PARD6B/WNT10A/PIK3R3/ITGB4"
"hsa00220","Arginine biosynthesis",17,0.359701770598632,0.766368660287261,0.778580024067389,0.972050849913445,0.756423167029836,1701,"tags=12%, list=10%, signal=11%","GLUL/ARG1"
"hsa04919","Thyroid hormone signaling pathway",107,0.3436725696905,0.857868300712778,0.791959798994975,0.978202386700697,0.761210123328602,1883,"tags=9%, list=11%, signal=8%","PRKCB/DIO3/PLCB2/PLCD4/PRKACG/ATP1B2/ATP1A2/ATP1A4/ATP2A3/PIK3R1"
"hsa01521","EGFR tyrosine kinase inhibitor resistance",74,0.34162191074437,0.840038083796274,0.795339412360689,0.978202386700697,0.761210123328602,2269,"tags=12%, list=13%, signal=11%","PRKCB/IGF1/GAB1/HGF/SHC3/TGFA/PDGFRA/PIK3R1/IL6R"
"hsa00410","beta-Alanine metabolism",27,0.339220871601654,0.773782713010611,0.79646017699115,0.978202386700697,0.761210123328602,2712,"tags=19%, list=16%, signal=16%","ALDH3B2/ALDH2/ALDH3A1/GAD1/CARNS1"
"hsa05033","Nicotine addiction",11,0.393455555982975,0.76893400269665,0.798165137614679,0.978202386700697,0.761210123328602,138,"tags=9%, list=1%, signal=9%","CHRNA6"
"hsa05170","Human immunodeficiency virus 1 infection",174,0.350091381640975,0.882117213397132,0.816183816183816,0.981829978139941,0.764033014955524,2812,"tags=16%, list=16%, signal=13%","PRKCB/CCR5/TLR2/CXCR4/GNAI1/FOS/MAP2K6/HLA-G/HLA-F/PPP3CA/GNG2/TNF/BST2/GNG11/RAC2/PIK3R1/HLA-C/HLA-B/APOBEC3G/B2M/HLA-A/JUN/GNB4/MYD88/GNGT2/PIK3R3/STING1"
"hsa04390","Hippo signaling pathway",135,0.343164444244999,0.86093402565041,0.811,0.981829978139941,0.764033014955524,2693,"tags=15%, list=15%, signal=13%","TGFBR2/CTNNA3/SOX2/RASSF6/BMP2/LEF1/CCND2/CCN2/WNT11/GDF5/ID2/BMP8A/BMPR1B/SMAD7/FZD8/TGFB3/WNT4/PARD6B/WNT10A/ITGB2"
"hsa04071","Sphingolipid signaling pathway",107,0.33785608279992,0.843349307447082,0.813065326633166,0.981829978139941,0.764033014955524,2281,"tags=11%, list=13%, signal=10%","PRKCB/SPTSSB/PLCB2/S1PR1/PLD1/GNAI1/BDKRB2/TNF/RAC2/PIK3R1/ASAH1/S1PR3"
"hsa04012","ErbB signaling pathway",76,0.335732788132226,0.828181653748168,0.816161616161616,0.981829978139941,0.764033014955524,1883,"tags=12%, list=11%, signal=11%","PRKCB/NRG4/GAB1/SHC3/TGFA/CAMK2D/STAT5A/CDKN1A/PIK3R1"
"hsa00563","Glycosylphosphatidylinositol (GPI)-anchor biosynthesis",29,0.337008162076456,0.770731148937033,0.80968096809681,0.981829978139941,0.764033014955524,5107,"tags=24%, list=29%, signal=17%","PGAP4/GPLD1/B3GALT4/PGAP1/MPPE1/PIGP/PGAP3"
"hsa05100","Bacterial invasion of epithelial cells",75,0.332970130381215,0.820771953590564,0.822222222222222,0.985457516339869,0.766855865153079,1388,"tags=9%, list=8%, signal=9%","ELMO1/CTNNA3/HCLS1/FN1/DNM3/GAB1/SHC3"
