"","category","subcategory","ID","Description","GeneRatio","BgRatio","RichFactor","FoldEnrichment","zScore","pvalue","p.adjust","qvalue","geneID","Count"
"hsa04110","Cellular Processes","Cell growth and death","hsa04110","Cell cycle","47/1009","158/8542",0.29746835443038,2.51830989449386,7.04984049805486,8.12035750530989e-10,2.7121994067735e-07,2.34208205942622e-07,"ESPL1/MCM4/MAD1L1/SMAD3/MCM2/CDC20/CDC14B/ORC1/CDC6/PLK1/MCM3/TICRR/AURKB/CDK2/E2F2/MCM7/PRKDC/CDC25A/MCM6/ANAPC1/HDAC1/CDCA5/PKMYT1/RBL2/SMC1A/CDC25C/CDC25B/TFDP1/TRIP13/CDT1/CDC45/CCNA2/MCM5/BUB1B/ABL1/WAPL/CCNB1/RBL1/CCNB2/SKP2/PPP2R1B/E2F1/E2F4/FZR1/CDC27/CDC23/ZBTB17",47
"hsa03013","Genetic Information Processing","Translation","hsa03013","Nucleocytoplasmic transport","33/1009","108/8542",0.305555555555556,2.58677458429688,6.0733215514281,1.35264356251297e-07,2.25891474939665e-05,1.95065440067659e-05,"NUP188/NUP205/RANGAP1/NUP98/XPO7/GLE1/EEF1A2/NUP160/XPO6/THOC5/KPNA6/NUP50/UPF1/XPO5/NUP93/IPO9/AHCTF1/XPOT/NUP133/NUP155/NUP214/TNPO1/SNUPN/IPO5/NUP62/XPO1/KPNA2/IPO7/NCBP1/NUP107/NDC1/XPO4/KPNA1",33
"hsa00562","Metabolism","Carbohydrate metabolism","hsa00562","Inositol phosphate metabolism","22/1009","73/8542",0.301369863013699,2.55133931601884,4.871560753593,2.1004838263864e-05,0.00233853866004353,0.00201941252080658,"MTMR4/PLCH1/ITPKA/PIK3CD/PLCG1/ALDH6A1/INPP4A/PI4KA/PLCD3/PIP5K1A/IPPK/OCRL/INPP5A/ITPK1/PIP4K2B/INPP5F/SYNJ2/PIP5K1C/PLCD1/PIKFYVE/PLCB3/IPMK",22
"hsa04070","Environmental Information Processing","Signal transduction","hsa04070","Phosphatidylinositol signaling system","26/1009","98/8542",0.26530612244898,2.24603062235796,4.54029008634511,4.65237882636868e-05,0.00388473632001785,0.00335460999585532,"MTMR4/ITPKA/ITPR3/PIK3CD/PLCG1/INPP4A/PI4KA/PLCD3/PIP5K1A/IPPK/OCRL/INPP5A/ITPK1/DGKH/PIP4K2B/INPP5F/PRKCA/DGKE/SYNJ2/DGKD/PIP5K1C/PLCD1/PIKFYVE/PPIP5K1/PLCB3/IPMK",26
"hsa00670","Metabolism","Metabolism of cofactors and vitamins","hsa00670","One carbon pool by folate","14/1009","39/8542",0.358974358974359,3.03900790322991,4.67069042901914,8.17766451344178e-05,0.00546267989497911,0.00471722121406958,"MTHFD1/GLDC/GART/ALDH7A1/TYMS/CBS/MTHFD1L/SHMT1/SHMT2/MAT2A/SARDH/AHCYL2/MTHFD2/MTHFR",14
"hsa04810","Cellular Processes","Cell motility","hsa04810","Regulation of actin cytoskeleton","47/1009","232/8542",0.202586206896552,1.71505587642254,4.04109835731945,0.000125465794963606,0.00652054858939249,0.00563072900565251,"VCL/PXN/F2R/MYLK/ARHGEF4/IQGAP3/ACTN1/SSH1/MYH14/IQGAP2/DIAPH1/MYH10/CHRM4/PIK3CD/FGFR4/DOCK1/IQGAP1/AKT3/BCAR1/ARHGAP35/PTK2/ITGAV/ARHGEF12/GIT1/SPATA13/SRC/MYH9/CYFIP1/WASF1/PIP5K1A/ITGA5/FGFR2/ACTN4/ARHGEF7/LIMK1/PIP4K2B/DIAPH3/MAP2K2/BAIAP2/AKT1/PIP5K1C/PIKFYVE/ARHGEF1/PAK4/ARPC1B/APC2/EGFR",47
"hsa03030","Genetic Information Processing","Replication and repair","hsa03030","DNA replication","13/1009","36/8542",0.361111111111111,3.05709723598723,4.52646682972591,0.000136658203969304,0.00652054858939249,0.00563072900565251,"POLE/MCM4/MCM2/POLD1/MCM3/MCM7/MCM6/RPA1/POLA1/FEN1/MCM5/LIG1/RFC1",13
"hsa04910","Organismal Systems","Endocrine system","hsa04910","Insulin signaling pathway","31/1009","138/8542",0.22463768115942,1.90173941770443,3.90835078648047,0.000270639894460767,0.011299215593737,0.00975728040555923,"HK2/HKDC1/PRKAG2/PCK2/PHKA1/PIK3CD/HK1/TRIP10/AKT3/ACACA/PYGB/GYS1/PYGL/SH2B2/PRKAR2A/MTOR/SLC2A4/ACACB/INPP5A/PTPRF/SREBF1/SHC1/PHKA2/TSC2/RAPGEF1/MAP2K2/AKT1/MKNK2/INSR/PHKB/SHC4",31
"hsa01230","Metabolism","Global and overview maps","hsa01230","Biosynthesis of amino acids","20/1009","75/8542",0.266666666666667,2.25754872811364,4.00319397569116,0.000316291757480391,0.0117379385553834,0.0101361335145763,"PC/GOT2/CS/ALDH18A1/ACO2/PFKM/CBS/SHMT1/SHMT2/GPT2/PSAT1/PKM/TKT/MAT2A/PRPS2/ASS1/PFKP/PHGDH/CPS1/ASNS",20
"hsa01200","Metabolism","Global and overview maps","hsa01200","Carbon metabolism","27/1009","116/8542",0.232758620689655,1.97048973035781,3.85145804766976,0.000362016770514916,0.0120913601351982,0.0104413258022197,"PC/HK2/HKDC1/GLDC/GOT2/HK1/ACSS1/CS/ALDH6A1/H6PD/ACO2/PFKM/SHMT1/SHMT2/GPT2/PSAT1/GLUD1/PKM/TKT/OGDH/PRPS2/PFKP/PHGDH/G6PD/OGDHL/CPS1/ME2",27
"hsa05230","Human Diseases","Cancer: overview","hsa05230","Central carbon metabolism in cancer","19/1009","71/8542",0.267605633802817,2.26549784335348,3.91867461165235,0.000422279040213084,0.0128219272210155,0.0110721968438646,"HK2/HKDC1/SLC7A5/PIK3CD/HK1/AKT3/PFKM/MTOR/HIF1A/SLC1A5/FGFR2/PKM/PFKP/G6PD/MAP2K2/ERBB2/AKT1/EGFR/SLC16A3",19
"hsa04144","Cellular Processes","Transport and catabolism","hsa04144","Endocytosis","48/1009","252/8542",0.19047619047619,1.61253480579546,3.61218293792692,0.000483480069206339,0.0134568619262431,0.0116204858739067,"ASAP1/CYTH3/CBLC/SMURF2/BIN1/SMAD3/PSD3/RAB11FIP4/AP2B1/WASHC2A/ASAP2/GRK3/PLD2/FGFR4/RAB11FIP1/ARFGEF2/GIT1/WASHC2C/ASAP3/GRK6/RAB11FIP5/WIPF3/GBF1/SRC/SMURF1/EHD1/PIP5K1A/CLTCL1/DNM2/FGFR2/CHMP7/CAV3/ACAP3/PARD3/AGAP3/IQSEC1/WWP1/NEDD4/LDLRAP1/CAV1/CLTC/PIP5K1C/HGS/MVB12B/RAB31/GRK2/ARPC1B/EGFR",48
"hsa05100","Human Diseases","Infectious disease: bacterial","hsa05100","Bacterial invasion of epithelial cells","20/1009","78/8542",0.256410256410256,2.1707199308785,3.80126762124862,0.000552014520877682,0.0141825269210112,0.0122471237830352,"VCL/PXN/PIK3CD/DOCK1/BCAR1/SEPTIN3/PTK2/ARHGEF26/SRC/WASF1/CLTCL1/DNM2/ITGA5/CAV3/SHC1/CAV1/CLTC/SEPTIN9/SHC4/ARPC1B",20
"hsa05135","Human Diseases","Infectious disease: bacterial","hsa05135","Yersinia infection","30/1009","138/8542",0.217391304347826,1.84039298487525,3.64246091376531,0.000607678581504558,0.0144974747301802,0.0125190925813721,"PXN/ARHGEF28/PKN1/IL18/PIK3CD/DOCK1/AKT3/PLCG1/BCAR1/NFKB1/PTK2/ARHGEF12/RPS6KA6/NFATC1/WIPF3/SRC/PIP5K1A/ITGA5/IRAK1/ARHGEF7/LIMK1/NFATC3/MAP2K2/MAPK12/TRAF2/BAIAP2/AKT1/PIP5K1C/ARHGEF1/ARPC1B",30
"hsa04931","Human Diseases","Endocrine and metabolic disease","hsa04931","Insulin resistance","25/1009","109/8542",0.229357798165138,1.94169902073995,3.62118137474284,0.000743307095051216,0.0165509713164737,0.0142923609855462,"GFPT2/PRKAG2/CREB3L3/CREB3L1/TRIB3/PCK2/CPT1A/PTPN11/PIK3CD/AKT3/NFKB1/PYGB/GYS1/RPS6KA6/PYGL/PPARGC1B/MTOR/SLC2A4/ACACB/PTPRF/SREBF1/AKT1/PPARA/INSR/TNFRSF1A",25
"hsa04152","Environmental Information Processing","Signal transduction","hsa04152","AMPK signaling pathway","27/1009","122/8542",0.221311475409836,1.87358039935661,3.55666295159797,0.00083795392163524,0.0174922881141356,0.0151052220084247,"PPARG/PRKAG2/CREB3L3/CREB3L1/PCK2/CPT1A/PIK3CD/AKT3/ACACA/EEF2K/GYS1/PFKM/MTOR/SLC2A4/CCNA2/ACACB/PFKFB3/CAMKK2/SREBF1/PFKP/TSC2/PPP2R1B/PPP2R2C/AKT1/PFKFB2/INSR/STK11",27
"hsa04520","Cellular Processes","Cellular community - eukaryotes","hsa04520","Adherens junction","22/1009","93/8542",0.236559139784946,2.00266419429436,3.55803557346456,0.000978400730113825,0.0183874368518504,0.015878215245531,"VCL/SMURF2/SMAD3/ACTN1/IQGAP1/FARP2/ARHGAP29/PTPRJ/HEG1/CSNK2A1/SRC/SMURF1/WASF1/PTPRF/ACTN4/PARD3/BAIAP2/ERBB2/NECTIN2/INSR/CSNK2A3/EGFR",22
"hsa04920","Organismal Systems","Endocrine system","hsa04920","Adipocytokine signaling pathway","18/1009","70/8542",0.257142857142857,2.17692198782387,3.61842590059124,0.000990939710578762,0.0183874368518504,0.015878215245531,"PRKAG2/PCK2/CPT1A/PTPN11/AKT3/NFKB1/MTOR/SLC2A4/ACACB/ACSL1/CAMKK2/TRAF2/TNFRSF1B/AKT1/PPARA/STK11/ACSL4/TNFRSF1A",18
"hsa04392","Environmental Information Processing","Signal transduction","hsa04392","Hippo signaling pathway - multiple species","10/1009","29/8542",0.344827586206897,2.91924404497454,3.78881887567439,0.00122437098446807,0.0215231530953861,0.0185860193764128,"NF2/SAV1/WWTR1/WWC1/TEAD4/FRMD6/RASSF2/TEAD3/LIMD1/TEAD1",10
"hsa03460","Genetic Information Processing","Replication and repair","hsa03460","Fanconi anemia pathway","15/1009","55/8542",0.272727272727273,2.30885665375259,3.5637915120298,0.00134698218051585,0.0224946024146146,0.019424900919018,"FANCA/FANCE/RPA1/TOP3A/RMI2/BRCA1/FANCI/EME1/FANCG/PALB2/ATRIP/BLM/PMS2/FANCB/SLX4",15
"hsa01523","Human Diseases","Drug resistance: antineoplastic","hsa01523","Antifolate resistance","10/1009","30/8542",0.333333333333333,2.82193591014205,3.65842264037688,0.00164498491349168,0.0261630933860106,0.0225927752529685,"ABCC2/ABCC4/GART/ABCC3/NFKB1/TYMS/SHMT1/SHMT2/ABCC1/MTHFR",10
"hsa04919","Organismal Systems","Endocrine system","hsa04919","Thyroid hormone signaling pathway","26/1009","122/8542",0.213114754098361,1.80418853271377,3.27414347037727,0.00184800512404077,0.0280560777922553,0.0242274355974723,"DIO2/ATP1A3/NOTCH2/PIK3CD/SIN3A/AKT3/PLCG1/ITGAV/HDAC1/PFKM/GATA4/MED1/SRC/MTOR/HIF1A/PLCD3/NCOR1/PFKP/PRKCA/TSC2/MAP2K2/AKT1/PLCD1/PFKFB2/PLCB3/MED12L",26
"hsa04120","Genetic Information Processing","Folding, sorting and degradation","hsa04120","Ubiquitin mediated proteolysis","29/1009","142/8542",0.204225352112676,1.7289325646645,3.20558902128873,0.002075557040339,0.0301406978901402,0.0260275802770199,"BIRC7/CBLC/SMURF2/UBE2U/CDC20/UBE3C/DDB1/UBE4B/ANAPC1/CUL4B/BRCA1/TRIM37/CUL4A/UBE2O/SMURF1/TRIP12/CUL3/UBE2G2/UBE3B/BTRC/UBOX5/WWP2/WWP1/NEDD4/SKP2/FZR1/FBXO2/CDC27/CDC23",29
"hsa04914","Organismal Systems","Endocrine system","hsa04914","Progesterone-mediated oocyte maturation","24/1009","111/8542",0.216216216216216,1.83044491468674,3.2229141342332,0.00221979368462669,0.0308921287777214,0.0266764679643734,"MAD1L1/AURKA/ADCY3/PLK1/CDK2/PIK3CD/KIF22/STK10/AKT3/CDC25A/ANAPC1/RPS6KA6/PKMYT1/CDC25C/CDC25B/CCNA2/CCNB1/CCNB2/ADCY5/MAPK12/AKT1/FZR1/CDC27/CDC23",24
"hsa04510","Cellular Processes","Cellular community - eukaryotes","hsa04510","Focal adhesion","38/1009","203/8542",0.187192118226601,1.58473248155761,3.08577468377702,0.00248754151348474,0.0332335546201561,0.0286983736713608,"VCL/PXN/FLNB/EMP1/MYLK/ACTN1/CAPN2/LAMA4/DIAPH1/FLNA/PIK3CD/DOCK1/AKT3/BCAR1/ARHGAP35/PTK2/COL4A2/ITGAV/SRC/LAMA2/PIP5K1A/PARVA/ITGA5/ACTN4/LAMB3/CAV3/TLN1/SHC1/PRKCA/RAPGEF1/CAV1/ERBB2/AKT1/PIP5K1C/ZYX/SHC4/PAK4/EGFR",38
"hsa04390","Environmental Information Processing","Signal transduction","hsa04390","Hippo signaling pathway","31/1009","157/8542",0.197452229299363,1.67159260919243,3.1082801946703,0.00258763575398572,0.0332411669935089,0.0287049472304489,"NF2/SMAD3/DLG1/GLI2/DLG5/BMP6/SAV1/WWTR1/NKD2/FZD7/BIRC5/WWC1/TEAD4/FRMD6/LLGL2/SCRIB/BMP7/WNT2B/PARD3/BTRC/DLG3/NKD1/AXIN1/PPP2R1B/TEAD3/DVL1/LIMD1/FZD3/PPP2R2C/TEAD1/APC2",31
"hsa00250","Metabolism","Amino acid metabolism","hsa00250","Alanine, aspartate and glutamate metabolism","11/1009","37/8542",0.297297297297297,2.51686175769427,3.38396346609122,0.00275584504579043,0.0340908238997779,0.0294386566294962,"GFPT2/CAD/GOT2/ALDH4A1/IL4I1/GPT2/GLUD1/ASS1/PPAT/CPS1/ASNS",11
"hsa03430","Genetic Information Processing","Replication and repair","hsa03430","Mismatch repair","8/1009","23/8542",0.347826086956522,2.9446287758004,3.4176082327338,0.00354006603568153,0.0422279305684868,0.036465341871306,"MSH6/POLD1/RPA1/EXO1/LIG1/RFC1/PMS2/MSH2",8
"hsa03410","Genetic Information Processing","Replication and repair","hsa03410","Base excision repair","12/1009","44/8542",0.272727272727273,2.30885665375259,3.18548834429365,0.00397645544905556,0.0457977972408468,0.0395480505641097,"POLE/POLD1/POLG/PARP4/LIG3/PARP1/NEIL3/FEN1/LIG1/PARG/TDP1/RFC1",12
"hsa04072","Environmental Information Processing","Signal transduction","hsa04072","Phospholipase D signaling pathway","29/1009","149/8542",0.194630872483221,1.64770754484805,2.91896870589622,0.0043419252328505,0.0483401009257356,0.0417434215368785,"CYTH3/LPAR3/ADCY3/F2R/PLPP3/PTPN11/PIK3CD/PLD2/AKT3/PLCG1/MTOR/PIP5K1A/DNM2/DGKH/SHC1/PRKCA/TSC2/ADCY5/AGPAT5/DGKE/MAP2K2/DGKD/AKT1/PIP5K1C/INSR/SHC4/PLCB3/SPHK1/EGFR",29
"hsa04530","Cellular Processes","Cellular community - eukaryotes","hsa04530","Tight junction","32/1009","170/8542",0.188235294117647,1.59356380808022,2.86083772212574,0.00480971726117327,0.0518208246848991,0.0447491521073506,"MAP3K5/NF2/CLDN11/PRKAG2/ARHGEF2/DLG1/ACTN1/EPB41L4B/AMOTL2/MYH14/TJP3/MYH10/SYMPK/GATA4/SRC/MYH9/LLGL2/ARHGEF18/SCRIB/NHERF1/TUBA1C/ACTN4/JAM3/PARD3/NEDD4/DLG3/PPP2R1B/MICALL2/PPP2R2C/ERBB2/STK11/ARPC1B",32
"hsa04360","Organismal Systems","Development and regeneration","hsa04360","Axon guidance","34/1009","184/8542",0.184782608695652,1.56433403714397,2.83210880000338,0.00504207872640835,0.0526266967068872,0.0454450516788121,"EPHA2/SRGAP1/SEMA6B/SSH1/DPYSL2/PTPN11/PIK3CD/SEMA4B/PLCG1/EPHA8/PTK2/DPYSL5/ARHGEF12/UNC5A/SEMA4D/NGEF/SRC/UNC5B/L1CAM/SRGAP2/BMP7/NTNG2/ABL1/ABLIM1/SEMA7A/LIMK1/PARD3/EPHA4/EPHB4/PRKCA/NFATC3/FZD3/SEMA3C/PAK4",34
"hsa05222","Human Diseases","Cancer: specific types","hsa05222","Small cell lung cancer","20/1009","93/8542",0.21505376344086,1.82060381299487,2.91197947924253,0.00531170893217863,0.053760932828717,0.0464245054997431,"BIRC7/LAMA4/CDK2/E2F2/TRAF1/PIK3CD/AKT3/NFKB1/PTK2/COL4A2/ITGAV/TRAF3/LAMA2/LAMB3/SKP2/E2F1/TRAF2/AKT1/BCL2L1/ZBTB17",20
"hsa03440","Genetic Information Processing","Replication and repair","hsa03440","Homologous recombination","11/1009","41/8542",0.268292682926829,2.27131426913873,2.98624752017928,0.00655027591875836,0.0643468281430968,0.0555658081033991,"POLD1/RAD54L/RPA1/TOP3A/BRCA1/XRCC3/EME1/XRCC2/TOPBP1/PALB2/BLM",11
"hsa05131","Human Diseases","Infectious disease: bacterial","hsa05131","Shigellosis","43/1009","250/8542",0.172,1.4561189296333,2.67876375732141,0.006801665081504,0.0649073182063524,0.0560498114987096,"VCL/CYTH3/PXN/HK2/HKDC1/ARHGEF2/ACTN1/CAPN2/IL18/ITPR3/DIAPH1/CD44/PIK3CD/HK1/DOCK1/AKT3/PLCG1/BCAR1/SEPTIN3/NFKB1/PTK2/SRC/MTOR/WASF1/PLCD3/ITGA5/ACTN4/FNBP1/TLN1/PIK3R4/BTRC/MAPK12/TRAF2/AKT1/PLCD1/SEPTIN9/BCL2L1/BCL10/FOXO6/PLCB3/TNFRSF1A/ARPC1B/EGFR",43
"hsa05220","Human Diseases","Cancer: specific types","hsa05220","Chronic myeloid leukemia","17/1009","77/8542",0.220779220779221,1.86907443399019,2.80352747072858,0.00743623437789359,0.0689917300615683,0.0595768485246446,"SMAD3/E2F2/PTPN11/PIK3CD/BCR/AKT3/NFKB1/HDAC1/CTBP2/ABL1/STAT5B/SHC1/E2F1/MAP2K2/AKT1/BCL2L1/SHC4",17
"hsa04981",NA,NA,"hsa04981","Folate transport and metabolism","9/1009","31/8542",0.290322580645161,2.45781514754308,2.97583584351369,0.00778920594567035,0.0700740927299806,0.0605115077466583,"ABCC2/MTHFD1/ABCC4/ABCC3/TYMS/SHMT1/SHMT2/ABCC1/MTHFR",9
"hsa04211","Organismal Systems","Aging","hsa04211","Longevity regulating pathway","19/1009","90/8542",0.211111111111111,1.7872260764233,2.74762172926511,0.00797250156808162,0.0700740927299806,0.0605115077466583,"PPARG/PRKAG2/CREB3L3/ADCY3/CREB3L1/PIK3CD/AKT3/NFKB1/MTOR/ATG13/EHMT1/CAMKK2/TSC2/ADCY5/AKT1/INSR/RB1CC1/STK11/EHMT2",19
"hsa04814","Cellular Processes","Cell motility","hsa04814","Motor proteins","35/1009","197/8542",0.177664974619289,1.50407751555795,2.61958942776008,0.00840184468309897,0.0719542595937194,0.062135099680678,"MYO10/KIF2C/KIF20A/MYO18A/KIF18B/KIF14/DNAH11/MYH14/MYH10/KIF4A/MYO1C/KIF22/DNAH2/TUBB4A/KIFC1/MYH15/KIFC3/MYH9/MYO19/MYO9B/KIF15/KIF1C/TUBA1C/KIFAP3/TUBG1/KIF4B/TUBB6/KIF11/KLC2/DYNC1H1/KIF23/TNNT1/KIF26A/KIF20B/CENPE",35
"hsa00970","Genetic Information Processing","Translation","hsa00970","Aminoacyl-tRNA biosynthesis","15/1009","66/8542",0.227272727272727,1.92404721146049,2.75795143809724,0.00879572717689558,0.0734443219270781,0.0634218222755102,"LARS2/AARS1/YARS1/PARS2/MARS1/CARS1/MARS2/IARS1/YARS2/TARS2/DARS2/GARS1/IARS2/CARS2/VARS1",15
"hsa04012","Environmental Information Processing","Signal transduction","hsa04012","ErbB signaling pathway","18/1009","86/8542",0.209302325581395,1.77191324590315,2.63300201958935,0.0105565638564955,0.0820454328867452,0.0708491919664929,"ERBB3/PIK3CD/AKT3/PLCG1/ABL2/PTK2/SRC/MTOR/ABL1/STAT5B/SHC1/PRKCA/MAP2K2/ERBB2/AKT1/SHC4/PAK4/EGFR",18
"hsa01522","Human Diseases","Drug resistance: antineoplastic","hsa01522","Endocrine resistance","20/1009","99/8542",0.202020202020202,1.71026418796488,2.60138768991827,0.0108083803802898,0.0820454328867452,0.0708491919664929,"ADCY3/NOTCH2/E2F2/PIK3CD/AKT3/PTK2/MED1/SRC/MTOR/SP1/NCOR1/SHC1/ADCY5/E2F1/MAP2K2/MAPK12/ERBB2/AKT1/SHC4/EGFR",20
"hsa04666","Organismal Systems","Immune system","hsa04666","Fc gamma R-mediated phagocytosis","20/1009","99/8542",0.202020202020202,1.71026418796488,2.60138768991827,0.0108083803802898,0.0820454328867452,0.0708491919664929,"ASAP1/MYO10/BIN1/PLPP3/ASAP2/PIK3CD/PLD2/DOCK1/AKT3/PLCG1/ASAP3/WASF1/PIP5K1A/DNM2/LIMK1/PRKCA/AKT1/PIP5K1C/SPHK1/ARPC1B",20
"hsa05231","Human Diseases","Cancer: overview","hsa05231","Choline metabolism in cancer","20/1009","99/8542",0.202020202020202,1.71026418796488,2.60138768991827,0.0108083803802898,0.0820454328867452,0.0708491919664929,"PLPP3/PIK3CD/PLD2/AKT3/PLCG1/MTOR/HIF1A/WASF1/SP1/PIP5K1A/CHKA/DGKH/PRKCA/TSC2/DGKE/MAP2K2/DGKD/AKT1/PIP5K1C/EGFR",20
"hsa04922","Organismal Systems","Endocrine system","hsa04922","Glucagon signaling pathway","21/1009","107/8542",0.196261682242991,1.66151366671915,2.52002080774938,0.0126780068775226,0.0940989843798341,0.081257868641899,"PRKAG2/CREB3L3/CREB3L1/PCK2/CPT1A/ITPR3/PHKA1/AKT3/ACACA/PYGB/GYS1/PYGL/PFKM/ACACB/PKM/PHKA2/PFKP/AKT1/PPARA/PHKB/PLCB3",21
"hsa05130","Human Diseases","Infectious disease: bacterial","hsa05130","Pathogenic Escherichia coli infection","35/1009","203/8542",0.172413793103448,1.45962202248727,2.42553654163281,0.0132296696585701,0.0960589057817916,0.0829503314976707,"MYO10/CYTH3/CLDN11/ARHGEF2/F2R/IL18/MYH14/MYH10/PTPN11/MYO1C/NFKB1/TUBB4A/ARHGEF12/BAIAP2L1/WIPF3/SRC/MYH9/CYFIP1/WASF1/NHERF1/IRAK1/SEC24C/TUBA1C/ABCF2/TNFRSF10A/ABL1/TUBB6/MAPK12/TRAF2/BAIAP2/ARHGEF11/SEC24B/ARHGEF1/TNFRSF1A/ARPC1B",35
"hsa03083","Genetic Information Processing","Chromosome","hsa03083","Polycomb repressive complex","17/1009","83/8542",0.204819277108434,1.73396061948488,2.4590550576617,0.0157035841931689,0.111595683415285,0.0963668996400508,"CBX2/AURKB/HDAC1/PHF19/EPOP/TFDP1/ASXL1/WDR5/FBRSL1/HCFC1/CBX7/L3MBTL2/YY2/FOXK1/BAP1/BCOR/TEX10",17
"hsa04218","Cellular Processes","Cell growth and death","hsa04218","Cellular senescence","28/1009","157/8542",0.178343949044586,1.50982558249639,2.35958636101625,0.0163490383462388,0.113762058492579,0.0982376426945054,"SMAD3/CAPN2/FOXM1/ITPR3/CDK2/E2F2/PIK3CD/AKT3/CDC25A/NFKB1/NFATC1/TRPV4/MYBL2/GATA4/RBL2/MTOR/CCNA2/BTRC/CCNB1/RBL1/CCNB2/TSC2/NFATC3/E2F1/E2F4/MAP2K2/MAPK12/AKT1",28
"hsa00561","Metabolism","Lipid metabolism","hsa00561","Glycerolipid metabolism","14/1009","65/8542",0.215384615384615,1.82340474193794,2.43873668259579,0.017760239124088,0.121059589131538,0.104539323737918,"GPAT3/PLPP3/ALDH1B1/DGAT2/ALDH7A1/LPIN1/GPAM/DGKH/MGLL/AGK/AGPAT5/DGKE/PNPLA2/DGKD",14
"hsa00260","Metabolism","Amino acid metabolism","hsa00260","Glycine, serine and threonine metabolism","10/1009","41/8542",0.24390243902439,2.06483115376248,2.50123000230863,0.0184655120202892,0.123349620295532,0.106516848285458,"GLDC/ALDH7A1/CBS/SHMT1/SHMT2/PSAT1/GCAT/SARDH/PHGDH/MAOA",10
"hsa05166","Human Diseases","Infectious disease: viral","hsa05166","Human T-cell leukemia virus 1 infection","37/1009","224/8542",0.165178571428571,1.39837002690075,2.21114471104413,0.0210182293628517,0.13764879621946,0.118864702691875,"ESPL1/MAP3K14/MAD1L1/SMAD3/CREB3L3/ADCY3/CREB3L1/FOSL1/DLG1/CDC20/CDK2/E2F2/PIK3CD/AKT3/NFKB1/ANAPC1/NFATC1/NFKB2/CCNA2/VAC14/BUB1B/TLN1/STAT5B/CCNB2/TERT/NFATC3/ADCY5/E2F1/MAP2K2/XPO1/TCF3/AKT1/BCL2L1/TNFRSF13C/CDC27/CDC23/TNFRSF1A",37
"hsa05205","Human Diseases","Cancer: overview","hsa05205","Proteoglycans in cancer","34/1009","204/8542",0.166666666666667,1.41096795507103,2.17424288744944,0.0231913271070311,0.148959677956699,0.12863205723333,"PXN/CTSL/ITPR3/FLNA/CD44/ERBB3/PTPN11/PIK3CD/IQGAP1/AKT3/PLCG1/PTK2/ITGAV/ARHGEF12/FZD7/DROSHA/SRC/MTOR/HPSE/HIF1A/ITGA5/WNT2B/CAV3/PRKCA/PLAU/CAV1/MAP2K2/FZD3/MAPK12/PLAUR/ERBB2/AKT1/ARHGEF1/EGFR",34
"hsa04210","Cellular Processes","Cell growth and death","hsa04210","Apoptosis","24/1009","136/8542",0.176470588235294,1.49396607007521,2.12514144201847,0.0279358473523394,0.176048547465686,0.152024273575789,"MAP3K14/MAP3K5/LMNB2/CTSL/LMNB1/CAPN2/ITPR3/TRAF1/PIK3CD/PARP4/AKT3/NFKB1/PARP1/DFFA/BIRC5/SPTAN1/TUBA1C/TNFRSF10A/MAP2K2/TRAF2/AKT1/DFFB/BCL2L1/TNFRSF1A",24
"hsa04310","Environmental Information Processing","Signal transduction","hsa04310","Wnt signaling pathway","29/1009","174/8542",0.166666666666667,1.41096795507103,2.004415295366,0.0340607172237772,0.210093612253118,0.181423415560525,"SMAD3/FOSL1/VANGL1/NKD2/LRP5/FZD7/NFATC1/CSNK2A1/NOTUM/RSPO1/CCAR2/CTBP2/CHD8/TBL1X/WNT2B/INVS/BTRC/ZNRF3/PRKCA/NKD1/NFATC3/AXIN1/DVL1/FZD3/CSNK2A3/ROR1/PRICKLE3/PLCB3/APC2",29
"hsa01210","Metabolism","Global and overview maps","hsa01210","2-Oxocarboxylic acid metabolism","8/1009","33/8542",0.242424242424242,2.05231702555786,2.21656394883757,0.0345962535147351,0.210093612253118,0.181423415560525,"DHTKD1/GOT2/CS/ACO2/GPT2/OGDH/OGDHL/DBT",8
"hsa00240","Metabolism","Nucleotide metabolism","hsa00240","Pyrimidine metabolism","12/1009","58/8542",0.206896551724138,1.75154642698472,2.10177122363215,0.035998421231305,0.214704869486712,0.185405402582285,"NT5E/CAD/UCK2/CTPS1/TYMS/NT5C2/NT5C1A/RRM2/RRM1/CANT1/ENTPD6/DPYD",12
"hsa05203","Human Diseases","Cancer: overview","hsa05203","Viral carcinogenesis","33/1009","205/8542",0.160975609756098,1.36278856148324,1.92416174339975,0.0389286078271812,0.228107982706641,0.196979474508729,"PXN/MAD1L1/CREB3L3/CREB3L1/DLG1/CDC20/ACTN1/CDK2/DDB1/TRAF1/PIK3CD/DNAJA3/HDAC9/CCR3/NFKB1/HDAC1/NFKB2/RBL2/TRAF3/SRC/HDAC4/SCRIB/CCNA2/VAC14/ACTN4/GTF2H3/PKM/UBR4/STAT5B/RBL1/SKP2/HDAC7/TRAF2",33
"hsa04370","Environmental Information Processing","Signal transduction","hsa04370","VEGF signaling pathway","12/1009","60/8542",0.2,1.69316154608523,1.97186379556012,0.0454344658621301,0.257436449610993,0.222305664019578,"PXN/MAPKAPK3/PIK3CD/AKT3/PLCG1/PTK2/SRC/PRKCA/MAP2K2/MAPK12/AKT1/SPHK1",12
"hsa01521","Human Diseases","Drug resistance: antineoplastic","hsa01521","EGFR tyrosine kinase inhibitor resistance","15/1009","80/8542",0.1875,1.58733894945491,1.9315824259686,0.0457673557380961,0.257436449610993,0.222305664019578,"ERBB3/PIK3CD/AKT3/PLCG1/SRC/MTOR/FGFR2/SHC1/PRKCA/MAP2K2/ERBB2/AKT1/BCL2L1/SHC4/EGFR",15
"hsa00220","Metabolism","Amino acid metabolism","hsa00220","Arginine biosynthesis","6/1009","23/8542",0.260869565217391,2.2084715818503,2.123841053137,0.0462460687923939,0.257436449610993,0.222305664019578,"CAD/GOT2/GPT2/GLUD1/ASS1/CPS1",6
"hsa05017","Human Diseases","Neurodegenerative disease","hsa05017","Spinocerebellar ataxia","24/1009","144/8542",0.166666666666667,1.41096795507103,1.82019212313658,0.0503868419226939,0.273310026432358,0.236013070414327,"MAP3K5/ITPR3/AFG3L2/PIK3CD/AMBRA1/AKT3/PPIF/VLDLR/GRIN2D/MTOR/SP1/GRIN3B/ATG13/ATXN2/TWNK/PIK3R4/PRKCA/TRAF2/ATXN2L/AKT1/OPA1/RB1CC1/BEAN1/PLCB3",24
"hsa00280","Metabolism","Amino acid metabolism","hsa00280","Valine, leucine and isoleucine degradation","10/1009","48/8542",0.208333333333333,1.76370994383878,1.94181967002194,0.0507341965233718,0.273310026432358,0.236013070414327,"ALDH1B1/IL4I1/ALDH6A1/IVD/ALDH7A1/ACSF3/AOX1/MCCC2/ACADSB/DBT",10
"hsa00061","Metabolism","Lipid metabolism","hsa00061","Fatty acid biosynthesis","5/1009","18/8542",0.277777777777778,2.35161325845171,2.10079142301555,0.0525264326358884,0.278473468260107,0.240471888759121,"ACACA/ACSF3/ACACB/ACSL1/ACSL4",5
"hsa00020","Metabolism","Carbohydrate metabolism","hsa00020","Citrate cycle (TCA cycle)","7/1009","30/8542",0.233333333333333,1.97535513709944,1.9584999099635,0.0561540145841872,0.288772719266258,0.249365663658855,"PC/PCK2/ACLY/CS/ACO2/OGDH/OGDHL",7
"hsa04066","Environmental Information Processing","Signal transduction","hsa04066","HIF-1 signaling pathway","19/1009","110/8542",0.172727272727273,1.46227588070997,1.78586340758939,0.0561982836895412,0.288772719266258,0.249365663658855,"HK2/HKDC1/PIK3CD/HK1/AKT3/PLCG1/NFKB1/PFKM/MTOR/HIF1A/PFKFB3/PFKP/PRKCA/MAP2K2/ERBB2/AKT1/MKNK2/INSR/EGFR",19
"hsa05235","Human Diseases","Cancer: overview","hsa05235","PD-L1 expression and PD-1 checkpoint pathway in cancer","16/1009","90/8542",0.177777777777778,1.5050324854091,1.76269342753408,0.0607408958839503,0.297766404829367,0.257132035686248,"PTPN11/PIK3CD/AKT3/PLCG1/NFKB1/NFATC1/CSNK2A1/CD274/MTOR/HIF1A/NFATC3/MAP2K2/MAPK12/AKT1/CSNK2A3/EGFR",16
"hsa05170","Human Diseases","Infectious disease: viral","hsa05170","Human immunodeficiency virus 1 infection","33/1009","213/8542",0.154929577464789,1.31160401457307,1.68543642431187,0.0611720000983826,0.297766404829367,0.257132035686248,"PXN/ITPR3/DDB1/PIK3CD/AKT3/PLCG1/NFKB1/PTK2/CUL4B/NFATC1/APOBEC3B/CUL4A/MTOR/CDC25C/DCAF1/IRAK1/AP1B1/AP1M1/LIMK1/BTRC/CCNB1/CCNB2/PRKCA/NFATC3/GNG4/MAP2K2/MAPK12/TRAF2/TNFRSF1B/AKT1/BCL2L1/TNFRSF1A/PAK4",33
"hsa03420","Genetic Information Processing","Replication and repair","hsa03420","Nucleotide excision repair","12/1009","63/8542",0.19047619047619,1.61253480579546,1.7858488106715,0.0625783139586432,0.297766404829367,0.257132035686248,"POLE/POLD1/DDB1/ERCC3/RPA1/CUL4B/CUL4A/LIG1/GTF2H3/RFC1/POLR2A/POLR2B",12
"hsa04068","Environmental Information Processing","Signal transduction","hsa04068","FoxO signaling pathway","22/1009","133/8542",0.165413533834586,1.40035917345395,1.70301858938596,0.0632707639953833,0.297766404829367,0.257132035686248,"SMAD3/PRKAG2/FBXO32/PLK1/PCK2/CDK2/PIK3CD/AKT3/S1PR4/RBL2/SLC2A4/CCNB1/CCNB2/SKP2/MAP2K2/MAPK12/AKT1/INSR/STK11/FOXO6/EGFR/PLK4",22
"hsa00030","Metabolism","Carbohydrate metabolism","hsa00030","Pentose phosphate pathway","7/1009","31/8542",0.225806451612903,1.91163400364462,1.86091710515127,0.0654528303154154,0.297766404829367,0.257132035686248,"H6PD/PFKM/SHPK/TKT/PRPS2/PFKP/G6PD",7
"hsa04064","Environmental Information Processing","Signal transduction","hsa04064","NF-kappa B signaling pathway","18/1009","105/8542",0.171428571428571,1.45128132521591,1.70280119924454,0.0657303256480166,0.297766404829367,0.257132035686248,"MAP3K14/TRIM25/TRAF1/PLCG1/NFKB1/PARP1/CARD10/CSNK2A1/NFKB2/TRAF3/IRAK1/PLAU/TRAF2/CSNK2A3/BCL2L1/BCL10/TNFRSF13C/TNFRSF1A",18
"hsa04625","Organismal Systems","Immune system","hsa04625","C-type lectin receptor signaling pathway","18/1009","105/8542",0.171428571428571,1.45128132521591,1.70280119924454,0.0657303256480166,0.297766404829367,0.257132035686248,"MAP3K14/CCL22/ITPR3/PTPN11/PIK3CD/AKT3/NFKB1/IL23A/ARHGEF12/NFATC1/NFKB2/SRC/KSR1/NFATC3/MAPK12/BCL3/AKT1/BCL10",18
"hsa05225","Human Diseases","Cancer: specific types","hsa05225","Hepatocellular carcinoma","27/1009","170/8542",0.158823529411765,1.34456946306768,1.66074363769737,0.0658932612869558,0.297766404829367,0.257132035686248,"TXNRD1/SMAD3/E2F2/SMARCC1/PIK3CD/SMARCD2/AKT3/PLCG1/LRP5/FZD7/NQO1/MTOR/WNT2B/SHC1/PRKCA/TERT/AXIN1/E2F1/MAP2K2/DVL1/FZD3/AKT1/BCL2L1/SHC4/APC2/EGFR/SMARCA4",27
"hsa05215","Human Diseases","Cancer: specific types","hsa05215","Prostate cancer","17/1009","98/8542",0.173469387755102,1.46855848384944,1.70733479653065,0.0659721974771652,0.297766404829367,0.257132035686248,"CREB3L3/CREB3L1/CDK2/E2F2/PIK3CD/AKT3/NFKB1/MTOR/FGFR2/ETV5/MMP3/PLAU/E2F1/MAP2K2/ERBB2/AKT1/EGFR",17
"hsa04150","Environmental Information Processing","Signal transduction","hsa04150","mTOR signaling pathway","25/1009","158/8542",0.158227848101266,1.33952653962439,1.57649499478919,0.077201621090146,0.333377136983611,0.287883187940464,"TTI1/SLC7A5/PIK3CD/AKT3/LRP5/FZD7/RPS6KA6/LPIN1/MTOR/PRR5/WDR59/WNT2B/WDR24/DEPDC5/SKP2/PRKCA/TSC2/MAP2K2/DVL1/FZD3/AKT1/INSR/GRB10/STK11/TNFRSF1A",25
"hsa00785","Metabolism","Metabolism of cofactors and vitamins","hsa00785","Lipoic acid metabolism","5/1009","20/8542",0.25,2.11645193260654,1.82936439887352,0.0781153172764173,0.333377136983611,0.287883187940464,"DHTKD1/GLDC/OGDH/OGDHL/DBT",5
"hsa04071","Environmental Information Processing","Signal transduction","hsa04071","Sphingolipid signaling pathway","20/1009","122/8542",0.163934426229508,1.38783733285675,1.57902658305303,0.0796054294244213,0.333377136983611,0.287883187940464,"ADORA1/MAP3K5/PIK3CD/PLD2/AKT3/NFKB1/NSMAF/S1PR5/S1PR4/PRKCA/ABCC1/PPP2R1B/MAP2K2/MAPK12/TRAF2/PPP2R2C/AKT1/PLCB3/TNFRSF1A/SPHK1",20
"hsa04935","Organismal Systems","Endocrine system","hsa04935","Growth hormone synthesis, secretion and action","20/1009","122/8542",0.163934426229508,1.38783733285675,1.57902658305303,0.0796054294244213,0.333377136983611,0.287883187940464,"CREB3L3/ADCY3/CREB3L1/ITPR3/PIK3CD/AKT3/PLCG1/BCAR1/PTK2/MTOR/STAT5B/SSTR5/SHC1/PRKCA/ADCY5/MAP2K2/MAPK12/AKT1/SHC4/PLCB3",20
"hsa00270","Metabolism","Amino acid metabolism","hsa00270","Cysteine and methionine metabolism","10/1009","52/8542",0.192307692307692,1.62803994815888,1.66245943135213,0.0801614850610906,0.333377136983611,0.287883187940464,"GOT2/IL4I1/ADI1/GCLM/DNMT1/CBS/PSAT1/MAT2A/AHCYL2/PHGDH",10
"hsa04928","Organismal Systems","Endocrine system","hsa04928","Parathyroid hormone synthesis, secretion and action","19/1009","115/8542",0.165217391304348,1.39869866850519,1.57533589521303,0.0807888223040694,0.333377136983611,0.287883187940464,"CREB3L3/ADCY3/CREB3L1/PDE4A/ITPR3/VDR/PLD2/LRP5/SP1/NHERF1/MMP15/MMP17/WNK2/PRKCA/ADCY5/ARHGEF11/ARHGEF1/PLCB3/EGFR",19
"hsa05163","Human Diseases","Infectious disease: viral","hsa05163","Human cytomegalovirus infection","34/1009","226/8542",0.150442477876106,1.27361709218801,1.52565438913207,0.0808489463942289,0.333377136983611,0.287883187940464,"PXN/CREB3L3/ADCY3/CREB3L1/CCR1/ITPR3/E2F2/PIK3CD/AKT3/BCAR1/CCR3/NFKB1/PTK2/ITGAV/ARHGEF12/NFATC1/SRC/MTOR/SP1/PRKCA/TSC2/NFATC3/ADCY5/E2F1/GNG4/MAP2K2/MAPK12/TRAF2/ARHGEF11/AKT1/ARHGEF1/PLCB3/TNFRSF1A/EGFR",34
"hsa04114","Cellular Processes","Cell growth and death","hsa04114","Oocyte meiosis","22/1009","139/8542",0.158273381294964,1.33991201488759,1.47867487833867,0.0926188785126966,0.377252505161472,0.325771151636443,"ESPL1/MAD1L1/AURKA/ADCY3/CDC20/PLK1/ITPR3/CDK2/ANAPC1/RPS6KA6/PKMYT1/SMC1A/CDC25C/SLK/BTRC/CCNB1/CCNB2/ADCY5/PPP2R1B/MAPK12/CDC27/CDC23",22
"hsa00620","Metabolism","Carbohydrate metabolism","hsa00620","Pyruvate metabolism","9/1009","47/8542",0.191489361702128,1.62111211859224,1.56261935971926,0.0959635706738897,0.377560344817969,0.326036982288445,"PC/PCK2/ALDH1B1/ACACA/ACSS1/ALDH7A1/ACACB/PKM/ME2",9
"hsa00051","Metabolism","Carbohydrate metabolism","hsa00051","Fructose and mannose metabolism","7/1009","34/8542",0.205882352941176,1.74296041508774,1.58857364589777,0.0985836378540053,0.377560344817969,0.326036982288445,"HK2/HKDC1/HK1/PFKM/PFKFB3/PFKP/PFKFB2",7
"hsa04710","Organismal Systems","Environmental adaptation","hsa04710","Circadian rhythm","7/1009","34/8542",0.205882352941176,1.74296041508774,1.58857364589777,0.0985836378540053,0.377560344817969,0.326036982288445,"PRKAG2/PER3/CRY1/BMAL1/BTRC/NR1D1/NR1D2",7
"hsa04921","Organismal Systems","Endocrine system","hsa04921","Oxytocin signaling pathway","24/1009","155/8542",0.154838709677419,1.31083474535631,1.42924949204632,0.0991819263609586,0.377560344817969,0.326036982288445,"CACNG7/CACNG6/PRKAG2/CACNG8/ADCY3/MYLK/ITPR3/CACNG4/EEF2K/KCNJ12/NFATC1/SRC/CAMKK2/OXTR/PRKCA/NFATC3/ADCY5/MAP2K2/CACNB4/KCNJ4/RYR2/CACNA2D2/PLCB3/EGFR",24
"hsa04934","Human Diseases","Endocrine and metabolic disease","hsa04934","Cushing syndrome","24/1009","155/8542",0.154838709677419,1.31083474535631,1.42924949204632,0.0991819263609586,0.377560344817969,0.326036982288445,"CREB3L3/PDE8A/ADCY3/CREB3L1/ITPR3/NCEH1/CDK2/E2F2/FZD7/SP1/RBBP5/WDR5/WNT2B/MEN1/ADCY5/AXIN1/E2F1/MAP2K2/DVL1/FZD3/CACNA1I/PLCB3/APC2/EGFR",24
"hsa01524","Human Diseases","Drug resistance: antineoplastic","hsa01524","Platinum drug resistance","13/1009","75/8542",0.173333333333333,1.46740667327387,1.48791019927675,0.0994769770777882,0.377560344817969,0.326036982288445,"MAP3K5/ABCC2/MSH6/ATP7B/PIK3CD/AKT3/TOP2A/BRCA1/BIRC5/ERBB2/AKT1/BCL2L1/MSH2",13
"hsa04020","Environmental Information Processing","Signal transduction","hsa04020","Calcium signaling pathway","37/1009","254/8542",0.145669291338583,1.23320821269987,1.38086679979462,0.102157497165046,0.38337757363062,0.331060369287078,"HTR6/ADCY3/F2R/MYLK/ITPKA/ATP2B4/ADORA2B/TPCN1/ITPR3/PHKA1/GNAL/ERBB3/FGFR4/PLCG1/PPIF/GRIN2D/NFATC1/P2RX6/NTSR1/PLCD3/TBXA2R/GRIN3B/FGFR2/PHKA2/OXTR/PRKCA/NFATC3/ASPH/ERBB2/P2RX5/PLCD1/CACNA1I/PHKB/RYR2/PLCB3/SPHK1/EGFR",37
"hsa04668","Environmental Information Processing","Signal transduction","hsa04668","TNF signaling pathway","19/1009","119/8542",0.159663865546218,1.3516835872109,1.41386564323212,0.104936168458437,0.389429780723533,0.336286668510079,"MAP3K14/MAP3K5/CREB3L3/CREB3L1/TRAF1/PIK3CD/AKT3/NFKB1/PGAM5/TRAF3/MMP3/LIF/RPS6KA4/MAPK12/TRAF2/TNFRSF1B/BCL3/AKT1/TNFRSF1A",19
"hsa05165","Human Diseases","Infectious disease: viral","hsa05165","Human papillomavirus infection","47/1009","333/8542",0.141141141141141,1.19487376375384,1.32753604676653,0.109054010202218,0.400264169313636,0.345642554024382,"PXN/CREB3L3/CREB3L1/DLG1/LAMA4/NOTCH2/CDK2/PIK3CD/AKT3/NFKB1/PTK2/COL4A2/ITGAV/FZD7/HDAC1/RBL2/TRAF3/MTOR/LAMA2/LLGL2/SCRIB/NHERF1/ITGA5/CCNA2/MAML1/LAMB3/WNT2B/PKM/UBR4/PARD3/TYK2/RBL1/TUBG1/DLG3/TERT/TSC2/AXIN1/PPP2R1B/E2F1/MAP2K2/DVL1/FZD3/PPP2R2C/AKT1/TNFRSF1A/APC2/EGFR",47
"hsa00360","Metabolism","Amino acid metabolism","hsa00360","Phenylalanine metabolism","4/1009","16/8542",0.25,2.11645193260654,1.6358493935538,0.110982328315907,0.400832339809707,0.346133189750583,"GOT2/IL4I1/ALDH3B1/MAOA",4
"hsa04722","Organismal Systems","Nervous system","hsa04722","Neurotrophin signaling pathway","19/1009","120/8542",0.158333333333333,1.34041955731748,1.37440101570268,0.111609004797314,0.400832339809707,0.346133189750583,"MAP3K5/MATK/SH2B3/PTPN11/PIK3CD/AKT3/PLCG1/NFKB1/RPS6KA6/SH2B2/PRDM4/IRAK1/ABL1/SHC1/RAPGEF1/MAP2K2/MAPK12/AKT1/SHC4",19
"hsa05226","Human Diseases","Cancer: specific types","hsa05226","Gastric cancer","23/1009","150/8542",0.153333333333333,1.29809051866535,1.34796003113477,0.113457198665485,0.40313515270502,0.348121751784354,"SMAD3/CDK2/E2F2/PIK3CD/AKT3/LRP5/FZD7/CDX2/MTOR/FGFR2/WNT2B/SHC1/TERT/AXIN1/E2F1/MAP2K2/DVL1/FZD3/ERBB2/AKT1/SHC4/APC2/EGFR",23
"hsa04216","Cellular Processes","Cell growth and death","hsa04216","Ferroptosis","8/1009","42/8542",0.19047619047619,1.61253480579546,1.45633710298284,0.115337851276543,0.405503603435425,0.350166994457316,"SLC7A11/ATG7/SLC39A14/PRNP/GCLM/STEAP3/ACSL1/ACSL4",8
"hsa05030","Human Diseases","Substance dependence","hsa05030","Cocaine addiction","9/1009","49/8542",0.183673469387755,1.55494427701705,1.42571531662998,0.117451598962508,0.40710100606478,0.351546409271194,"CREB3L3/CREB3L1/NFKB1/GPSM1/GRIN2D/GRIN3B/MAOA/ADCY5/CDK5R1",9
"hsa00310","Metabolism","Amino acid metabolism","hsa00310","Lysine degradation","11/1009","63/8542",0.174603174603175,1.4781569053125,1.39406925547321,0.118229932899053,0.40710100606478,0.351546409271194,"NSD2/DHTKD1/PRDM16/ALDH1B1/ALDH7A1/SUV39H1/DOT1L/KMT5A/EHMT1/SETDB2/EHMT2",11
"hsa04926","Organismal Systems","Endocrine system","hsa04926","Relaxin signaling pathway","20/1009","130/8542",0.153846153846154,1.3024319585271,1.2716444097501,0.129676749546946,0.441959534170204,0.381648006185427,"CREB3L3/ADCY3/CREB3L1/RXFP4/MMP1/PIK3CD/AKT3/NFKB1/COL4A2/SRC/SHC1/PRKCA/ADCY5/GNG4/MAP2K2/MAPK12/AKT1/SHC4/PLCB3/EGFR",20
"hsa03273",NA,NA,"hsa03273","Virion - Lassa virus and SFTS virus","4/1009","17/8542",0.235294117647059,1.99195476010027,1.49825278278966,0.13224695433136,0.44616649239065,0.385280866419912,"NRP2/MYH14/MYH10/MYH9",4
"hsa01250","Metabolism","Global and overview maps","hsa01250","Biosynthesis of nucleotide sugars","7/1009","37/8542",0.189189189189189,1.6016393003509,1.34219575503496,0.139313632831409,0.46159177667734,0.39860115603401,"HK2/GFPT2/HKDC1/UAP1/HK1/UAP1L1/NANP",7
"hsa04261","Organismal Systems","Circulatory system","hsa04261","Adrenergic signaling in cardiomyocytes","23/1009","154/8542",0.149350649350649,1.26437388181689,1.21161783553421,0.139583142049136,0.46159177667734,0.39860115603401,"CACNG7/CACNG6/CREB3L3/CACNG8/ADCY3/CREB3L1/ATP2B4/ATP1A3/SCN7A/CACNG4/AKT3/SCN5A/KCNQ1/PRKCA/ADCY5/PPP2R1B/CACNB4/MAPK12/PPP2R2C/AKT1/RYR2/CACNA2D2/PLCB3",23
"hsa05161","Human Diseases","Infectious disease: viral","hsa05161","Hepatitis B","24/1009","163/8542",0.147239263803681,1.24649929773146,1.16286514556473,0.14927955655911,0.482140441073182,0.416345669253236,"SMAD3/CREB3L3/CREB3L1/CDK2/E2F2/DDB1/PIK3CD/AKT3/NFKB1/MAVS/NFATC1/BIRC5/TRAF3/SRC/CCNA2/IRAK1/TYK2/STAT5B/PRKCA/NFATC3/E2F1/MAP2K2/MAPK12/AKT1",24
"hsa05224","Human Diseases","Cancer: specific types","hsa05224","Breast cancer","22/1009","148/8542",0.148648648648649,1.25843087884713,1.16066460354121,0.151060906277441,0.482140441073182,0.416345669253236,"NOTCH2/E2F2/PIK3CD/AKT3/LRP5/BRCA1/FZD7/NFKB2/MTOR/SP1/WNT2B/SHC1/AXIN1/E2F1/MAP2K2/DVL1/FZD3/ERBB2/AKT1/SHC4/APC2/EGFR",22
"hsa00410","Metabolism","Metabolism of other amino acids","hsa00410","beta-Alanine metabolism","6/1009","31/8542",0.193548387096774,1.63854343169539,1.30345773597006,0.151776620030254,0.482140441073182,0.416345669253236,"ALDH1B1/ALDH6A1/ALDH7A1/ALDH3B1/SMOX/DPYD",6
"hsa00630","Metabolism","Carbohydrate metabolism","hsa00630","Glyoxylate and dicarboxylate metabolism","6/1009","31/8542",0.193548387096774,1.63854343169539,1.30345773597006,0.151776620030254,0.482140441073182,0.416345669253236,"GLDC/ACSS1/CS/ACO2/SHMT1/SHMT2",6
"hsa00760","Metabolism","Metabolism of cofactors and vitamins","hsa00760","Nicotinate and nicotinamide metabolism","7/1009","38/8542",0.184210526315789,1.55949089771008,1.26499601770109,0.154458165253983,0.482140441073182,0.416345669253236,"NT5E/NT5C2/AOX1/NT5C1A/SARM1/NMNAT1/NAMPT",7
"hsa04960","Organismal Systems","Excretory system","hsa04960","Aldosterone-regulated sodium reabsorption","7/1009","38/8542",0.184210526315789,1.55949089771008,1.26499601770109,0.154458165253983,0.482140441073182,0.416345669253236,"ATP1A3/PIK3CD/SCNN1A/PRKCA/INSR/HSD11B2/NHERF2",7
"hsa04148","Cellular Processes","Transport and catabolism","hsa04148","Efferocytosis","23/1009","157/8542",0.146496815286624,1.24021387133632,1.11176330492616,0.161299496559134,0.495611236599294,0.427978187293434,"PPARG/TYRO3/MEGF11/SCARF1/CPT1A/PTPN11/DOCK1/ADGRB1/BCAR1/PTK2/ITGAV/NFATC1/HIF1A/TGFBRAP1/LIPA/VPS33A/ADAM9/VPS8/ATP11A/NFATC3/MAP2K2/MAPK12/SPHK1",23
"hsa00010","Metabolism","Carbohydrate metabolism","hsa00010","Glycolysis / Gluconeogenesis","11/1009","67/8542",0.164179104477612,1.38990873186101,1.17259076480927,0.161741391584799,0.495611236599294,0.427978187293434,"HK2/HKDC1/PCK2/ALDH1B1/HK1/ACSS1/ALDH7A1/PFKM/ALDH3B1/PKM/PFKP",11
"hsa04961","Organismal Systems","Excretory system","hsa04961","Endocrine and other factor-regulated calcium reabsorption","9/1009","53/8542",0.169811320754717,1.43758999195916,1.16948056561127,0.167496555866417,0.508580451448939,0.439177572319601,"ATP2B4/ATP1A3/AP2B1/VDR/CLTCL1/DNM2/PRKCA/CLTC/PLCB3",9
"hsa00052","Metabolism","Carbohydrate metabolism","hsa00052","Galactose metabolism","6/1009","32/8542",0.1875,1.58733894945491,1.21818983574903,0.169349869486045,0.509575282958009,0.440036645226897,"HK2/HKDC1/HK1/PFKM/PFKP/GAA",6
"hsa04137","Cellular Processes","Transport and catabolism","hsa04137","Mitophagy - animal","16/1009","105/8542",0.152380952380952,1.29002784463637,1.09435009619516,0.171533357699818,0.511536977426242,0.44173063918938,"SMURF2/MFN2/AMBRA1/NBR1/PGAM5/CSNK2A1/SRC/SMURF1/HIF1A/SP1/E2F1/TRAF2/CSNK2A3/OPA1/TOMM40/BCL2L1",16
"hsa04010","Environmental Information Processing","Signal transduction","hsa04010","MAPK signaling pathway","41/1009","300/8542",0.136666666666667,1.15699372315824,1.01307727056768,0.177282383697676,0.52400279783207,0.452495324947958,"CACNG7/CACNG6/MAP3K14/EPHA2/MAP3K5/CACNG8/FLNA/MAPKAPK3/MAP3K4/ERBB3/FGFR4/CACNG4/RASGRP2/AKT3/TAOK3/NFKB1/MAP3K20/MAP4K2/RPS6KA6/NFATC1/NFKB2/CDC25B/MAP3K21/IRAK1/FGFR2/PRKCA/RPS6KA4/MAPK8IP2/NFATC3/MAP2K2/CACNB4/MAPK12/TRAF2/ERBB2/AKT1/MKNK2/INSR/CACNA1I/CACNA2D2/TNFRSF1A/EGFR",41
"hsa05214","Human Diseases","Cancer: specific types","hsa05214","Glioma","12/1009","76/8542",0.157894736842105,1.3367064837515,1.07903393651276,0.181192518730174,0.530862291718228,0.458418745448454,"E2F2/PIK3CD/AKT3/PLCG1/MTOR/SHC1/PRKCA/E2F1/MAP2K2/AKT1/SHC4/EGFR",12
"hsa04930","Human Diseases","Endocrine and metabolic disease","hsa04930","Type II diabetes mellitus","8/1009","47/8542",0.170212765957447,1.44098854985977,1.10945709284702,0.184541961531182,0.535974044794911,0.462832928691477,"HK2/HKDC1/PIK3CD/HK1/MTOR/SLC2A4/PKM/INSR",8
"hsa00500","Metabolism","Carbohydrate metabolism","hsa00500","Starch and sucrose metabolism","7/1009","40/8542",0.175,1.48151635282458,1.11711130418402,0.186863490207384,0.53803798042471,0.464615211586419,"HK2/HKDC1/HK1/PYGB/GYS1/PYGL/GAA",7
"hsa04213","Organismal Systems","Aging","hsa04213","Longevity regulating pathway - multiple species","10/1009","62/8542",0.161290322580645,1.36545285974616,1.05692761136634,0.190995196165895,0.54213847914879,0.468156140204124,"PRKAG2/ADCY3/PIK3CD/AKT3/CLPB/HDAC1/MTOR/ADCY5/AKT1/INSR",10
"hsa03450","Genetic Information Processing","Replication and repair","hsa03450","Non-homologous end-joining","3/1009","13/8542",0.230769230769231,1.95364793779065,1.25929260563649,0.191942571513972,0.54213847914879,0.468156140204124,"PRKDC/XRCC6/FEN1",3
"hsa05212","Human Diseases","Cancer: specific types","hsa05212","Pancreatic cancer","12/1009","77/8542",0.155844155844156,1.31934665928719,1.03017313245134,0.193157122810497,0.54213847914879,0.468156140204124,"SMAD3/E2F2/PIK3CD/PLD2/AKT3/NFKB1/MTOR/E2F1/ERBB2/AKT1/BCL2L1/EGFR",12
"hsa04820",NA,NA,"hsa04820","Cytoskeleton in muscle cells","32/1009","232/8542",0.137931034482759,1.16769761798982,0.947733723937081,0.197063553796446,0.548493558066774,0.473643980177422,"VCL/LMNB2/LMNB1/FMNL2/PDLIM5/ATP1A3/MYH14/DIAPH1/MYH10/TRIM55/MYPN/PKP2/COL4A2/ITGAV/MYH15/SPTBN1/MYH9/LAMA2/SYNE3/SPTAN1/ITGA5/PDLIM7/SUN2/TLN1/PLEC/DIAPH3/LBR/TNNT1/COL11A2/ZYX/COL24A1/OBSCN",32
"hsa04350","Environmental Information Processing","Signal transduction","hsa04350","TGF-beta signaling pathway","16/1009","108/8542",0.148148148148148,1.25419373784091,0.972917213033985,0.201653738857721,0.556630981640322,0.480670939077996,"SMURF2/SMAD3/SIN3A/BMP6/THSD4/HDAC1/SMURF1/SP1/TFDP1/NCOR1/BMP7/RBL1/PPP2R1B/E2F4/SMAD6/ID3",16
"hsa05219","Human Diseases","Cancer: specific types","hsa05219","Bladder cancer","7/1009","41/8542",0.170731707317073,1.44538180763374,1.04617744869666,0.2040292166216,0.557079580804492,0.481058320644283,"MMP1/E2F2/SRC/E2F1/MAP2K2/ERBB2/EGFR",7
"hsa04725","Organismal Systems","Nervous system","hsa04725","Cholinergic synapse","17/1009","116/8542",0.146551724137931,1.24067871911418,0.955150745689385,0.20515924750896,0.557079580804492,0.481058320644283,"CREB3L3/ADCY3/CREB3L1/ITPR3/CHRM4/PIK3CD/AKT3/KCNJ12/KCNQ1/PRKCA/ADCY5/GNG4/KCNQ4/AKT1/KCNJ4/PLCB3/KCNQ2",17
"hsa03020","Genetic Information Processing","Transcription","hsa03020","RNA polymerase","6/1009","34/8542",0.176470588235294,1.49396607007521,1.05618208582014,0.206823880092874,0.557079580804492,0.481058320644283,"POLR1B/POLR3A/POLR1A/POLR1E/POLR2A/POLR2B",6
"hsa04933","Human Diseases","Endocrine and metabolic disease","hsa04933","AGE-RAGE signaling pathway in diabetic complications","15/1009","101/8542",0.148514851485149,1.25729817778606,0.951954974394529,0.20848786706755,0.557079580804492,0.481058320644283,"SMAD3/DIAPH1/PIK3CD/AKT3/PLCG1/NFKB1/COL4A2/NFATC1/PLCD3/STAT5B/PRKCA/MAPK12/AKT1/PLCD1/PLCB3",15
"hsa04340","Environmental Information Processing","Signal transduction","hsa04340","Hedgehog signaling pathway","9/1009","56/8542",0.160714285714286,1.36057624238992,0.990730581189433,0.21056453647153,0.557701490193309,0.481595361843576,"SMURF2/GLI2/GRK3/SMURF1/CUL3/BTRC/GPR161/SUFU/GRK2",9
"hsa04917","Organismal Systems","Endocrine system","hsa04917","Prolactin signaling pathway","11/1009","71/8542",0.154929577464789,1.31160401457307,0.96489673784087,0.212060147468713,0.557701490193309,0.481595361843576,"SOCS6/PIK3CD/AKT3/NFKB1/SRC/STAT5B/SHC1/MAP2K2/MAPK12/AKT1/SHC4",11
"hsa00380","Metabolism","Amino acid metabolism","hsa00380","Tryptophan metabolism","7/1009","42/8542",0.166666666666667,1.41096795507103,0.9771001997669,0.221767489690611,0.578674543411437,0.499706350125224,"DHTKD1/ALDH1B1/IL4I1/ALDH7A1/CYP1A1/AOX1/MAOA",7
"hsa01212","Metabolism","Global and overview maps","hsa01212","Fatty acid metabolism","9/1009","57/8542",0.157894736842105,1.3367064837515,0.93342395932951,0.225827647115977,0.584701039819662,0.504910447244209,"ELOVL2/CPT1A/CPT2/ACACA/ACSF3/ACSL1/HACD1/ACADSB/ACSL4",9
"hsa00330","Metabolism","Amino acid metabolism","hsa00330","Arginine and proline metabolism","8/1009","50/8542",0.16,1.35452923686819,0.920127531513186,0.232921201298093,0.594978590292134,0.513785482950031,"GOT2/ALDH4A1/ALDH1B1/ALDH7A1/ALDH18A1/SMOX/AZIN2/MAOA",8
"hsa04927","Organismal Systems","Endocrine system","hsa04927","Cortisol synthesis and secretion","10/1009","65/8542",0.153846153846154,1.3024319585271,0.895734349930329,0.233359866252304,0.594978590292134,0.513785482950031,"CREB3L3/PDE8A/ADCY3/CREB3L1/ITPR3/NCEH1/SP1/ADCY5/CACNA1I/PLCB3",10
"hsa05223","Human Diseases","Cancer: specific types","hsa05223","Non-small cell lung cancer","11/1009","73/8542",0.150684931506849,1.27566965800942,0.865665862424898,0.239415259117306,0.60276354024622,0.520508068160933,"E2F2/PIK3CD/AKT3/PLCG1/STAT5B/PRKCA/E2F1/MAP2K2/ERBB2/AKT1/EGFR",11
"hsa00071","Metabolism","Lipid metabolism","hsa00071","Fatty acid degradation","7/1009","43/8542",0.162790697674419,1.37815474681356,0.909778836158715,0.240022607343554,0.60276354024622,0.520508068160933,"CPT1A/ALDH1B1/CPT2/ALDH7A1/ACSL1/ACADSB/ACSL4",7
"hsa04936","Human Diseases","Endocrine and metabolic disease","hsa04936","Alcoholic liver disease","20/1009","144/8542",0.138888888888889,1.17580662922586,0.778653999085625,0.252366043719241,0.62903178061363,0.543191641626645,"MAP3K14/MAP3K5/PRKAG2/CPT1A/ALDH1B1/AKT3/ACACA/NFKB1/IL17RA/ALDH7A1/LPIN1/TRAF3/IRAK1/ACACB/CAMKK2/SREBF1/MAPK12/AKT1/PPARA/TNFRSF1A",20
"hsa04923","Organismal Systems","Endocrine system","hsa04923","Regulation of lipolysis in adipocytes","9/1009","59/8542",0.152542372881356,1.29139439955653,0.821955741188511,0.257517196701049,0.632552136438529,0.546231595916032,"ADORA1/ADCY3/PIK3CD/AKT3/MGLL/ADCY5/PNPLA2/AKT1/INSR",9
"hsa00340","Metabolism","Amino acid metabolism","hsa00340","Histidine metabolism","4/1009","22/8542",0.181818181818182,1.53923776916839,0.926803801990261,0.257566139388143,0.632552136438529,0.546231595916032,"ALDH1B1/ALDH7A1/ALDH3B1/MAOA",4
"hsa04973","Organismal Systems","Digestive system","hsa04973","Carbohydrate digestion and absorption","8/1009","52/8542",0.153846153846154,1.3024319585271,0.800555543114095,0.267380046741259,0.648632197151982,0.56011730860272,"HK2/HKDC1/ATP1A3/PIK3CD/HK1/AKT3/AKT1/PLCB3",8
"hsa04115","Cellular Processes","Cell growth and death","hsa04115","p53 signaling pathway","11/1009","75/8542",0.146666666666667,1.2416518004625,0.769257691729778,0.267997734152615,0.648632197151982,0.56011730860272,"AIFM2/CDK2/ADGRB1/GTSE1/STEAP3/TNFRSF10A/RRM2/CCNB1/CCNB2/TSC2/BCL2L1",11
"hsa02010","Environmental Information Processing","Membrane transport","hsa02010","ABC transporters","7/1009","45/8542",0.155555555555556,1.31690342473296,0.780039042752664,0.277850859549482,0.667641633737604,0.576532643063673,"ABCC2/ABCC4/ABCC3/ABCB9/ABCB10/ABCD3/ABCC1",7
"hsa05132","Human Diseases","Infectious disease: bacterial","hsa05132","Salmonella infection","33/1009","251/8542",0.131474103585657,1.11303448248631,0.665212365740068,0.280264393655578,0.668630767721165,0.577386795952094,"CYTH3/AHNAK2/PKN1/IL18/FLNA/FYCO1/PIK3CD/AHNAK/AKT3/NFKB1/TUBB4A/ARHGEF26/CYFIP1/DNM2/FHOD1/IRAK1/TUBA1C/VPS33A/TNFRSF10A/PODXL/TUBB6/EXOC2/KLC2/DYNC1H1/MAP2K2/MAPK12/TRAF2/AKT1/PLEKHM2/KPNA1/TNFRSF1A/PLEKHM1/ARPC1B",33
"hsa04964","Organismal Systems","Excretory system","hsa04964","Proximal tubule bicarbonate reclamation","4/1009","23/8542",0.173913043478261,1.4723143879002,0.830073873540189,0.285110264936045,0.675367577933611,0.583204274673209,"ATP1A3/PCK2/SLC9A3/GLUD1",4
"hsa00520","Metabolism","Carbohydrate metabolism","hsa00520","Amino sugar and nucleotide sugar metabolism","6/1009","38/8542",0.157894736842105,1.3367064837515,0.761285595213553,0.288971585147356,0.679693728445189,0.586940061752228,"HK2/GFPT2/HKDC1/UAP1/HK1/UAP1L1",6
"hsa04724","Organismal Systems","Nervous system","hsa04724","Glutamatergic synapse","16/1009","116/8542",0.137931034482759,1.16769761798982,0.665520015491347,0.292298987220823,0.682712319802482,0.589546724317303,"SHANK2/ADCY3/ITPR3/GRK3/PLD2/GRIN2D/LZTS3/GRIN3B/GRIK4/PRKCA/ADCY5/GNG4/SLC17A7/GRK2/PLCB3/SLC38A1",16
"hsa05412","Human Diseases","Cardiovascular disease","hsa05412","Arrhythmogenic right ventricular cardiomyopathy","12/1009","86/8542",0.13953488372093,1.18127549726877,0.618332115615248,0.314339838333167,0.724226004464183,0.625395289074019,"CACNG7/CACNG6/CACNG8/CACNG4/PKP2/ITGAV/LAMA2/ITGA5/CAV3/CACNB4/RYR2/CACNA2D2",12
"hsa04611","Organismal Systems","Immune system","hsa04611","Platelet activation","17/1009","126/8542",0.134920634920635,1.14221215410512,0.588552331244547,0.316779119129164,0.724226004464183,0.625395289074019,"ADCY3/F2R/MYLK/ITPR3/PIK3CD/RASGRP2/AKT3/ARHGAP35/ARHGEF12/SRC/TBXA2R/TLN1/ADCY5/MAPK12/AKT1/ARHGEF1/PLCB3",17
"hsa00640","Metabolism","Carbohydrate metabolism","hsa00640","Propanoate metabolism","5/1009","32/8542",0.15625,1.32278245787909,0.669477666535348,0.325079406053399,0.724226004464183,0.625395289074019,"ACACA/ACSS1/ALDH6A1/ACACB/DBT",5
"hsa00450","Metabolism","Metabolism of other amino acids","hsa00450","Selenocompound metabolism","3/1009","17/8542",0.176470588235294,1.49396607007521,0.746088500063286,0.325265258067202,0.724226004464183,0.625395289074019,"TXNRD1/MARS1/MARS2",3
"hsa00910","Metabolism","Energy metabolism","hsa00910","Nitrogen metabolism","3/1009","17/8542",0.176470588235294,1.49396607007521,0.746088500063286,0.325265258067202,0.724226004464183,0.625395289074019,"CA12/GLUD1/CPS1",3
"hsa05417","Human Diseases","Cardiovascular disease","hsa05417","Lipid and atherosclerosis","28/1009","216/8542",0.12962962962963,1.0974195206108,0.530726313758259,0.328165175281596,0.724226004464183,0.625395289074019,"PPARG/MAP3K5/MMP1/IL18/PIK3CD/AKT3/PLCG1/NFKB1/PTK2/VLDLR/POU2F3/NFATC1/CYP1A1/TRAF3/SRC/IRAK1/TNFRSF10A/ERO1A/MMP3/PRKCA/NFATC3/MAPK12/TRAF2/AKT1/BCL2L1/ARHGEF1/PLCB3/TNFRSF1A",28
"hsa05210","Human Diseases","Cancer: specific types","hsa05210","Colorectal cancer","12/1009","87/8542",0.137931034482759,1.16769761798982,0.575367960613329,0.328926566741933,0.724226004464183,0.625395289074019,"SMAD3/MSH6/PIK3CD/AKT3/BIRC5/MTOR/AXIN1/MAP2K2/AKT1/APC2/MSH2/EGFR",12
"hsa00564","Metabolism","Lipid metabolism","hsa00564","Glycerophospholipid metabolism","14/1009","103/8542",0.135922330097087,1.15069231287346,0.563093063989555,0.329587882271125,0.724226004464183,0.625395289074019,"GPAT3/PLPP3/PLD2/LPIN1/GPAM/LPCAT1/PCYT2/CHKA/DGKH/PNPLA6/GPD2/AGPAT5/DGKE/DGKD",14
"hsa05146","Human Diseases","Infectious disease: parasitic","hsa05146","Amoebiasis","14/1009","103/8542",0.135922330097087,1.15069231287346,0.563093063989555,0.329587882271125,0.724226004464183,0.625395289074019,"VCL/ACTN1/LAMA4/GNAL/PIK3CD/SERPINB9/NFKB1/PTK2/COL4A2/LAMA2/ACTN4/LAMB3/PRKCA/PLCB3",14
"hsa00230","Metabolism","Nucleotide metabolism","hsa00230","Purine metabolism","17/1009","128/8542",0.1328125,1.12436508919722,0.518821753292132,0.340980979620042,0.741562715971814,0.640366165068632,"NT5E/PDE8A/ADCY3/PFAS/ADA/PDE4A/GART/NT5C2/NT5C1A/RRM2/PRPS2/ADCY5/PPAT/PAICS/RRM1/CANT1/ENTPD6",17
"hsa04062","Organismal Systems","Immune system","hsa04062","Chemokine signaling pathway","25/1009","193/8542",0.129533678756477,1.09660721896712,0.496806151369966,0.341918138501974,0.741562715971814,0.640366165068632,"PXN/ADCY3/CCR1/CCL22/PIK3CD/GRK3/RASGRP2/AKT3/PLCG1/BCAR1/CCR3/NFKB1/PTK2/GRK6/CCL26/SRC/PARD3/STAT5B/SHC1/ADCY5/GNG4/AKT1/SHC4/GRK2/PLCB3",25
"hsa04140","Cellular Processes","Transport and catabolism","hsa04140","Autophagy - animal","22/1009","169/8542",0.130177514792899,1.10205781106139,0.490416435449781,0.346315343443867,0.746253707808075,0.644417005797077,"MTMR4/CTSL/ATG7/SMCR8/PIK3CD/EIF2AK4/AMBRA1/AKT3/NBR1/MTOR/HIF1A/ATG13/VPS33A/CAMKK2/PIK3R4/TSC2/MAP2K2/AKT1/BCL2L1/RB1CC1/STK11/PLEKHM1",22
"hsa04929","Organismal Systems","Endocrine system","hsa04929","GnRH secretion","9/1009","65/8542",0.138461538461538,1.17218876267439,0.509983766763963,0.359261157288647,0.766846932074103,0.662199998072185,"ITPR3/PIK3CD/AKT3/KCNN4/PRKCA/MAP2K2/AKT1/CACNA1I/PLCB3",9
"hsa01240","Metabolism","Global and overview maps","hsa01240","Biosynthesis of cofactors","20/1009","154/8542",0.12987012987013,1.099455549406,0.455801899472873,0.360463977052797,0.766846932074103,0.662199998072185,"MTHFD1/CPOX/CAD/ALDH1B1/PDXK/CTPS1/NFS1/GCLM/NQO1/MTHFD1L/SHMT1/SHMT2/PSAT1/PNPO/COX10/COASY/MAT2A/NMNAT1/MTHFD2/MOCS1",20
"hsa04660","Organismal Systems","Immune system","hsa04660","T cell receptor signaling pathway","16/1009","122/8542",0.131147540983607,1.1102698662854,0.448948658170203,0.367248005193435,0.772722860760134,0.66727407452971,"MAP3K14/DLG1/PTPN11/PIK3CD/AKT3/PLCG1/NFKB1/NFATC1/NFATC3/PPP2R1B/MAP2K2/MAPK12/PPP2R2C/AKT1/BCL10/PAK4",16
"hsa04015","Environmental Information Processing","Signal transduction","hsa04015","Rap1 signaling pathway","27/1009","212/8542",0.127358490566038,1.07819249396937,0.42191644714714,0.367853098385812,0.772722860760134,0.66727407452971,"EPHA2/LPAR3/ADCY3/F2R/ADORA2B/PIK3CD/FGFR4/RASGRP2/AKT3/PLCG1/BCAR1/FARP2/SRC/SIPA1L3/FGFR2/TLN1/PARD3/PRKCA/RAP1GAP/ADCY5/RAPGEF1/MAP2K2/MAPK12/AKT1/INSR/PLCB3/EGFR",27
"hsa05213","Human Diseases","Cancer: specific types","hsa05213","Endometrial cancer","8/1009","59/8542",0.135593220338983,1.14790613293914,0.417208756624479,0.396121398982092,0.824051231675422,0.711597975036451,"PIK3CD/AKT3/AXIN1/MAP2K2/ERBB2/AKT1/APC2/EGFR",8
"hsa05207","Human Diseases","Cancer: overview","hsa05207","Chemical carcinogenesis - receptor activation","27/1009","215/8542",0.125581395348837,1.06314794754189,0.343202266679229,0.397222300298632,0.824051231675422,0.711597975036451,"CREB3L3/ADCY3/CREB3L1/CDC6/NOTCH2/VDR/PIK3CD/AKT3/CDC25A/KPNA6/NFKB1/RPS6KA6/BIRC5/PAQR5/CYP1A1/SRC/MTOR/STAT5B/PRKCA/ADCY5/E2F1/MAP2K2/AKT1/KPNA2/PPARA/KPNA1/EGFR",27
"hsa03320","Organismal Systems","Endocrine system","hsa03320","PPAR signaling pathway","10/1009","76/8542",0.131578947368421,1.11392206979292,0.365082899665975,0.409142154420441,0.843539997385354,0.728427227493183,"PPARG/APOA2/MMP1/PCK2/CPT1A/CPT2/PLIN2/ACSL1/PPARA/ACSL4",10
"hsa01232","Metabolism","Global and overview maps","hsa01232","Nucleotide metabolism","11/1009","85/8542",0.129411764705882,1.09557511805515,0.324087365932061,0.422124048111322,0.862162173669112,0.744508148708909,"NT5E/ADA/UCK2/CTPS1/TYMS/NT5C2/NT5C1A/RRM2/RRM1/CANT1/ENTPD6",11
"hsa00350","Metabolism","Amino acid metabolism","hsa00350","Tyrosine metabolism","5/1009","36/8542",0.138888888888889,1.17580662922586,0.386847476976388,0.423337115214774,0.862162173669112,0.744508148708909,"GOT2/IL4I1/ALDH3B1/AOX1/MAOA",5
"hsa04550","Cellular Processes","Cellular community - eukaryotes","hsa04550","Signaling pathways regulating pluripotency of stem cells","18/1009","144/8542",0.125,1.05822596630327,0.257884937060146,0.436737725577431,0.881141091719964,0.760897129313804,"SMAD3/PIK3CD/FGFR4/AKT3/FZD7/FGFR2/WNT2B/ONECUT1/LIF/AXIN1/MAP2K2/DVL1/FZD3/MAPK12/TCF3/AKT1/ID3/APC2",18
"hsa04911","Organismal Systems","Endocrine system","hsa04911","Insulin secretion","11/1009","86/8542",0.127906976744186,1.08283587249637,0.28255379828623,0.437932398878784,0.881141091719964,0.760897129313804,"CREB3L3/ADCY3/CREB3L1/ATP1A3/ITPR3/KCNMA1/KCNN4/PRKCA/ADCY5/RYR2/PLCB3",11
"hsa05143","Human Diseases","Infectious disease: parasitic","hsa05143","African trypanosomiasis","5/1009","37/8542",0.135135135135135,1.14402807167921,0.321311899506834,0.447650316949651,0.895300633899302,0.773124404942984,"LAMA4/IL18/THOP1/PRKCA/PLCB3",5
